"Edad","Genero","CasaPropia","EstadoCiv","Ubicación","Salario","Niños","Historia","Catalogos","MontoDinero","","Salario","MontoDinero"
"Mayor","Mujer","Propia","Soltero","Lejos","47500","0","Alta","6","755","","47500","755"
"Adulto","Hombre","Alquilada","Soltero","Cerca","63600","0","Alta","6","1318","","63600","1318"
"Joven","Mujer","Alquilada","Soltero","Cerca","13500","0","Baja","18","296","","13500","296"
"Adulto","Hombre","Propia","Casado","Cerca","85600","1","Alta","18","2436","","85600","2436"
"Adulto","Mujer","Propia","Soltero","Cerca","68400","0","Alta","12","1304","","68400","1304"
"Joven","Hombre","Propia","Casado","Cerca","30400","0","Baja","6","495","","30400","495"
"Adulto","Mujer","Alquilada","Soltero","Cerca","48100","0","Media","12","782","","48100","782"
"Adulto","Hombre","Propia","Soltero","Cerca","68400","0","Alta","18","1155","","68400","1155"
"Adulto","Mujer","Propia","Casado","Cerca","51900","3","Baja","6","158","","51900","158"
"Mayor","Hombre","Propia","Casado","Lejos","80700","0","NA","18","3034","","80700","3034"
"Joven","Hombre","Alquilada","Casado","Cerca","43700","1","NA","12","927","","43700","927"
"Adulto","Hombre","Propia","Casado","Lejos","111800","3","Alta","18","2065","","111800","2065"
"Adulto","Mujer","Propia","Casado","Cerca","44100","1","Media","24","704","","44100","704"
"Adulto","Hombre","Propia","Casado","Cerca","111400","0","Alta","12","2136","","111400","2136"
"Mayor","Mujer","Propia","Casado","Lejos","110000","0","Alta","24","5564","","110000","5564"
"Adulto","Mujer","Propia","Casado","Lejos","83100","1","NA","12","2766","","83100","2766"
"Mayor","Mujer","Propia","Casado","Cerca","82800","0","Alta","24","3010","","82800","3010"
"Adulto","Hombre","Propia","Casado","Cerca","90100","0","Alta","18","1956","","90100","1956"
"Adulto","Hombre","Alquilada","Soltero","Cerca","38600","1","Baja","18","542","","38600","542"
"Mayor","Mujer","Alquilada","Soltero","Lejos","14000","0","Baja","12","410","","14000","410"
"Joven","Mujer","Alquilada","Soltero","Lejos","14300","2","Baja","6","194","","14300","194"
"Joven","Hombre","Alquilada","Casado","Cerca","49800","0","Media","12","827","","49800","827"
"Mayor","Mujer","Alquilada","Casado","Lejos","60200","0","Alta","18","2328","","60200","2328"
"Joven","Hombre","Alquilada","Casado","Lejos","43500","1","Media","12","808","","43500","808"
"Joven","Mujer","Alquilada","Casado","Cerca","41700","1","NA","6","521","","41700","521"
"Adulto","Mujer","Propia","Casado","Cerca","92300","3","Baja","18","655","","92300","655"
"Adulto","Hombre","Propia","Soltero","Cerca","62800","3","NA","6","707","","62800","707"
"Adulto","Mujer","Alquilada","Casado","Lejos","72900","0","Alta","18","2075","","72900","2075"
"Adulto","Mujer","Alquilada","Casado","Cerca","66900","2","Media","12","769","","66900","769"
"Joven","Hombre","Alquilada","Soltero","Cerca","21700","1","NA","18","774","","21700","774"
"Mayor","Mujer","Alquilada","Casado","Cerca","39700","0","Media","12","573","","39700","573"
"Adulto","Hombre","Alquilada","Casado","Lejos","72200","1","Alta","12","2082","","72200","2082"
"Adulto","Mujer","Alquilada","Casado","Cerca","87700","3","NA","24","2446","","87700","2446"
"Adulto","Hombre","Propia","Casado","Cerca","104100","0","Alta","24","2636","","104100","2636"
"Adulto","Hombre","Alquilada","Soltero","Lejos","67700","0","Alta","12","2226","","67700","2226"
"Adulto","Mujer","Propia","Soltero","Cerca","27000","2","Baja","6","183","","27000","183"
"Adulto","Mujer","Propia","Soltero","Lejos","64100","2","Alta","24","1595","","64100","1595"
"Adulto","Hombre","Alquilada","Soltero","Cerca","47000","1","Media","12","584","","47000","584"
"Mayor","Mujer","Propia","Casado","Cerca","41600","0","NA","18","982","","41600","982"
"Mayor","Mujer","Alquilada","Soltero","Cerca","20100","0","Baja","24","576","","20100","576"
"Adulto","Hombre","Propia","Soltero","Cerca","64000","3","Baja","12","410","","64000","410"
"Adulto","Mujer","Propia","Casado","Lejos","96800","3","NA","24","3082","","96800","3082"
"Adulto","Hombre","Alquilada","Casado","Cerca","76200","1","NA","24","2437","","76200","2437"
"Mayor","Mujer","Alquilada","Casado","Lejos","81500","0","Alta","18","3655","","81500","3655"
"Adulto","Mujer","Propia","Soltero","Cerca","49600","1","Media","12","844","","49600","844"
"Mayor","Mujer","Propia","Casado","Cerca","111500","0","Alta","18","2510","","111500","2510"
"Adulto","Hombre","Propia","Casado","Cerca","77700","0","NA","6","983","","77700","983"
"Joven","Hombre","Propia","Casado","Cerca","58900","0","NA","18","1215","","58900","1215"
"Adulto","Hombre","Propia","Casado","Cerca","126500","2","Alta","18","2000","","126500","2000"
"Adulto","Mujer","Propia","Casado","Cerca","83300","1","Alta","24","2574","","83300","2574"
"Adulto","Mujer","Propia","Casado","Cerca","90500","1","Alta","6","1116","","90500","1116"
"Adulto","Mujer","Propia","Casado","Lejos","87200","0","Alta","18","3604","","87200","3604"
"Adulto","Mujer","Propia","Casado","Cerca","105300","1","NA","24","3360","","105300","3360"
"Adulto","Mujer","Propia","Soltero","Lejos","56000","3","Media","6","530","","56000","530"
"Adulto","Mujer","Alquilada","Soltero","Cerca","46600","0","Media","24","906","","46600","906"
"Mayor","Hombre","Alquilada","Casado","Cerca","69800","0","Alta","24","2764","","69800","2764"
"Adulto","Hombre","Propia","Soltero","Cerca","60300","0","Alta","24","1263","","60300","1263"
"Joven","Hombre","Alquilada","Casado","Cerca","67800","0","Alta","12","1084","","67800","1084"
"Adulto","Hombre","Alquilada","Soltero","Cerca","42300","0","Media","24","1051","","42300","1051"
"Joven","Mujer","Propia","Casado","Lejos","33700","0","NA","6","614","","33700","614"
"Adulto","Hombre","Propia","Soltero","Cerca","62700","2","Media","12","704","","62700","704"
"Joven","Mujer","Propia","Soltero","Cerca","25900","2","NA","12","449","","25900","449"
"Joven","Mujer","Propia","Soltero","Cerca","15600","1","Baja","6","136","","15600","136"
"Mayor","Mujer","Propia","Soltero","Cerca","14600","0","Baja","24","468","","14600","468"
"Mayor","Mujer","Propia","Casado","Cerca","62600","0","Alta","6","565","","62600","565"
"Joven","Hombre","Alquilada","Casado","Cerca","66700","0","NA","18","1310","","66700","1310"
"Adulto","Hombre","Propia","Casado","Lejos","72500","0","NA","24","2595","","72500","2595"
"Joven","Mujer","Alquilada","Soltero","Lejos","13200","0","NA","24","358","","13200","358"
"Adulto","Mujer","Propia","Soltero","Cerca","51300","0","Media","24","1424","","51300","1424"
"Adulto","Hombre","Propia","Soltero","Lejos","72300","0","Alta","24","4182","","72300","4182"
"Joven","Mujer","Alquilada","Soltero","Cerca","15600","0","NA","12","468","","15600","468"
"Adulto","Mujer","Propia","Casado","Lejos","90400","1","Alta","18","2924","","90400","2924"
"Adulto","Hombre","Propia","Soltero","Lejos","71500","0","NA","6","964","","71500","964"
"Joven","Hombre","Alquilada","Soltero","Cerca","14400","0","NA","24","615","","14400","615"
"Joven","Hombre","Alquilada","Soltero","Cerca","15000","3","Baja","6","38","","15000","38"
"Adulto","Hombre","Propia","Soltero","Cerca","57600","1","NA","6","1006","","57600","1006"
"Joven","Mujer","Alquilada","Casado","Cerca","60600","3","Baja","12","307","","60600","307"
"Adulto","Hombre","Propia","Casado","Lejos","84300","2","Alta","18","1648","","84300","1648"
"Joven","Mujer","Propia","Soltero","Cerca","24400","1","Baja","6","220","","24400","220"
"Joven","Mujer","Alquilada","Soltero","Cerca","22100","2","Baja","18","280","","22100","280"
"Adulto","Hombre","Alquilada","Casado","Lejos","48800","2","NA","12","1647","","48800","1647"
"Adulto","Mujer","Propia","Casado","Cerca","74700","1","Media","6","704","","74700","704"
"Joven","Mujer","Alquilada","Soltero","Lejos","32400","1","Media","24","920","","32400","920"
"Mayor","Mujer","Propia","Soltero","Cerca","11400","0","NA","6","258","","11400","258"
"Adulto","Hombre","Propia","Casado","Cerca","127000","0","NA","12","1821","","127000","1821"
"Adulto","Hombre","Alquilada","Soltero","Cerca","47200","0","Media","18","1587","","47200","1587"
"Adulto","Mujer","Propia","Soltero","Cerca","48700","2","Baja","12","528","","48700","528"
"Joven","Hombre","Alquilada","Soltero","Lejos","20400","0","Media","18","867","","20400","867"
"Adulto","Hombre","Alquilada","Soltero","Cerca","39000","0","NA","6","643","","39000","643"
"Joven","Mujer","Alquilada","Soltero","Cerca","12900","1","Baja","6","107","","12900","107"
"Adulto","Mujer","Alquilada","Casado","Lejos","67300","1","Alta","18","1513","","67300","1513"
"Mayor","Hombre","Propia","Casado","Cerca","134500","0","Alta","24","4558","","134500","4558"
"Mayor","Hombre","Propia","Casado","Cerca","75500","0","Alta","6","741","","75500","741"
"Mayor","Mujer","Propia","Casado","Lejos","33600","2","Media","12","805","","33600","805"
"Joven","Mujer","Alquilada","Soltero","Cerca","16300","1","NA","12","470","","16300","470"
"Joven","Hombre","Alquilada","Casado","Cerca","27400","1","Baja","6","278","","27400","278"
"Adulto","Mujer","Propia","Casado","Cerca","110400","3","Baja","24","1093","","110400","1093"
"Joven","Mujer","Alquilada","Soltero","Lejos","21100","1","Baja","6","470","","21100","470"
"Adulto","Hombre","Propia","Casado","Cerca","81200","0","Alta","24","1856","","81200","1856"
"Adulto","Hombre","Alquilada","Casado","Lejos","87100","2","Alta","18","1688","","87100","1688"
"Joven","Mujer","Alquilada","Soltero","Lejos","21700","3","NA","24","708","","21700","708"
"Adulto","Mujer","Alquilada","Soltero","Cerca","42200","0","NA","18","1753","","42200","1753"
"Adulto","Hombre","Alquilada","Soltero","Lejos","59000","0","Alta","24","3044","","59000","3044"
"Adulto","Mujer","Propia","Soltero","Cerca","52700","2","Baja","18","855","","52700","855"
"Joven","Hombre","Propia","Soltero","Cerca","20900","0","Baja","24","550","","20900","550"
"Adulto","Hombre","Propia","Casado","Lejos","90700","3","Alta","24","2265","","90700","2265"
"Mayor","Mujer","Propia","Casado","Lejos","91800","0","NA","24","2452","","91800","2452"
"Joven","Mujer","Propia","Soltero","Lejos","27900","0","Media","18","1184","","27900","1184"
"Mayor","Mujer","Propia","Casado","Cerca","70700","0","Alta","24","2150","","70700","2150"
"Adulto","Hombre","Propia","Casado","Cerca","79600","2","NA","6","1575","","79600","1575"
"Adulto","Hombre","Alquilada","Casado","Cerca","96400","1","Alta","24","1822","","96400","1822"
"Adulto","Mujer","Propia","Soltero","Cerca","46600","2","NA","18","1153","","46600","1153"
"Mayor","Hombre","Propia","Casado","Cerca","106600","0","Alta","12","1877","","106600","1877"
"Adulto","Mujer","Alquilada","Casado","Cerca","104900","3","Baja","6","450","","104900","450"
"Mayor","Hombre","Alquilada","Soltero","Cerca","56300","0","Media","6","873","","56300","873"
"Joven","Mujer","Alquilada","Soltero","Cerca","14800","1","Baja","6","209","","14800","209"
"Mayor","Hombre","Propia","Casado","Cerca","58300","0","Media","24","1472","","58300","1472"
"Adulto","Hombre","Propia","Soltero","Lejos","70200","0","Alta","12","1702","","70200","1702"
"Mayor","Hombre","Propia","Casado","Lejos","59700","0","Alta","18","1857","","59700","1857"
"Joven","Hombre","Alquilada","Soltero","Cerca","25800","0","NA","6","451","","25800","451"
"Joven","Mujer","Alquilada","Soltero","Cerca","12000","0","Baja","24","344","","12000","344"
"Adulto","Hombre","Alquilada","Soltero","Lejos","51900","0","Alta","18","1492","","51900","1492"
"Adulto","Mujer","Propia","Soltero","Lejos","66800","3","NA","24","2098","","66800","2098"
"Adulto","Hombre","Propia","Casado","Cerca","105300","1","NA","18","3505","","105300","3505"
"Joven","Mujer","Alquilada","Soltero","Lejos","13800","3","Baja","6","127","","13800","127"
"Joven","Hombre","Alquilada","Soltero","Cerca","14800","3","NA","12","436","","14800","436"
"Adulto","Mujer","Propia","Casado","Lejos","44200","0","Alta","24","2524","","44200","2524"
"Joven","Hombre","Alquilada","Soltero","Cerca","10400","0","NA","18","189","","10400","189"
"Adulto","Mujer","Propia","Soltero","Cerca","35200","0","Media","12","607","","35200","607"
"Joven","Mujer","Alquilada","Soltero","Lejos","16100","0","NA","6","202","","16100","202"
"Adulto","Hombre","Propia","Casado","Cerca","113000","2","Media","18","1554","","113000","1554"
"Adulto","Hombre","Propia","Casado","Cerca","63300","2","NA","6","633","","63300","633"
"Joven","Hombre","Alquilada","Soltero","Cerca","19100","0","NA","6","176","","19100","176"
"Adulto","Mujer","Propia","Casado","Cerca","93400","2","NA","24","3079","","93400","3079"
"Mayor","Mujer","Alquilada","Casado","Lejos","52500","0","Alta","24","2038","","52500","2038"
"Adulto","Mujer","Alquilada","Casado","Lejos","45400","3","Media","24","1203","","45400","1203"
"Joven","Mujer","Propia","Soltero","Lejos","21400","3","NA","6","326","","21400","326"
"Adulto","Mujer","Propia","Soltero","Cerca","53700","3","Baja","12","235","","53700","235"
"Joven","Mujer","Propia","Casado","Lejos","68000","0","Alta","24","3688","","68000","3688"
"Joven","Hombre","Alquilada","Soltero","Cerca","17400","0","NA","12","332","","17400","332"
"Joven","Mujer","Alquilada","Soltero","Cerca","14600","1","Baja","6","143","","14600","143"
"Mayor","Mujer","Propia","Casado","Lejos","100100","0","Alta","12","3104","","100100","3104"
"Adulto","Hombre","Propia","Casado","Lejos","103700","1","Alta","24","2339","","103700","2339"
"Joven","Mujer","Alquilada","Soltero","Lejos","10800","3","Baja","6","123","","10800","123"
"Adulto","Mujer","Propia","Casado","Cerca","81700","3","Baja","24","879","","81700","879"
"Mayor","Mujer","Alquilada","Soltero","Cerca","21400","0","Baja","18","498","","21400","498"
"Mayor","Mujer","Propia","Casado","Cerca","114800","0","Alta","18","3596","","114800","3596"
"Mayor","Mujer","Propia","Casado","Lejos","67900","0","Alta","24","2925","","67900","2925"
"Adulto","Hombre","Propia","Casado","Cerca","53700","1","NA","12","1081","","53700","1081"
"Joven","Mujer","Alquilada","Soltero","Lejos","11400","3","NA","12","312","","11400","312"
"Joven","Hombre","Alquilada","Casado","Cerca","34300","3","NA","12","1297","","34300","1297"
"Joven","Mujer","Alquilada","Soltero","Cerca","16400","1","Baja","12","218","","16400","218"
"Adulto","Mujer","Propia","Casado","Lejos","109800","0","Alta","18","4279","","109800","4279"
"Adulto","Hombre","Propia","Soltero","Cerca","64200","0","Alta","18","1642","","64200","1642"
"Joven","Hombre","Alquilada","Soltero","Cerca","17000","0","NA","18","581","","17000","581"
"Adulto","Mujer","Alquilada","Soltero","Cerca","41400","3","Baja","6","223","","41400","223"
"Adulto","Mujer","Propia","Soltero","Cerca","49100","2","Baja","6","474","","49100","474"
"Mayor","Mujer","Propia","Soltero","Lejos","42600","0","Alta","24","1790","","42600","1790"
"Joven","Mujer","Alquilada","Soltero","Cerca","11900","1","Baja","6","143","","11900","143"
"Adulto","Hombre","Propia","Casado","Lejos","113600","2","Alta","18","3237","","113600","3237"
"Adulto","Hombre","Propia","Soltero","Cerca","52900","1","NA","24","2316","","52900","2316"
"Joven","Mujer","Alquilada","Soltero","Cerca","14300","1","NA","18","458","","14300","458"
"Joven","Hombre","Alquilada","Soltero","Cerca","21000","0","Baja","24","646","","21000","646"
"Adulto","Hombre","Propia","Soltero","Lejos","59600","2","Media","18","1217","","59600","1217"
"Adulto","Mujer","Alquilada","Soltero","Cerca","39700","3","Baja","12","238","","39700","238"
"Mayor","Hombre","Propia","Casado","Cerca","51200","0","Media","12","1293","","51200","1293"
"Adulto","Mujer","Propia","Casado","Cerca","88200","0","NA","24","2749","","88200","2749"
"Adulto","Hombre","Propia","Casado","Lejos","122100","0","Alta","12","2408","","122100","2408"
"Mayor","Mujer","Alquilada","Casado","Cerca","84800","0","Alta","18","2624","","84800","2624"
"Adulto","Hombre","Propia","Casado","Lejos","140000","0","Alta","12","4894","","140000","4894"
"Mayor","Mujer","Propia","Soltero","Cerca","28500","0","Baja","24","621","","28500","621"
"Adulto","Hombre","Alquilada","Soltero","Cerca","60300","0","Alta","6","701","","60300","701"
"Joven","Mujer","Alquilada","Casado","Lejos","51900","0","NA","6","780","","51900","780"
"Adulto","Hombre","Propia","Soltero","Cerca","60200","0","Media","12","1365","","60200","1365"
"Adulto","Hombre","Propia","Casado","Lejos","81200","0","Alta","12","2693","","81200","2693"
"Mayor","Hombre","Propia","Casado","Cerca","73100","0","Alta","6","1582","","73100","1582"
"Mayor","Hombre","Propia","Soltero","Cerca","45700","0","Media","18","724","","45700","724"
"Mayor","Mujer","Alquilada","Soltero","Cerca","28900","0","Baja","12","830","","28900","830"
"Joven","Mujer","Alquilada","Casado","Cerca","60100","0","NA","18","1594","","60100","1594"
"Adulto","Mujer","Propia","Casado","Cerca","84800","1","NA","12","1826","","84800","1826"
"Mayor","Mujer","Propia","Casado","Cerca","35000","0","Media","6","473","","35000","473"
"Joven","Mujer","Alquilada","Casado","Cerca","61700","0","NA","12","1161","","61700","1161"
"Mayor","Mujer","Alquilada","Casado","Cerca","46900","0","Media","6","703","","46900","703"
"Adulto","Mujer","Propia","Casado","Cerca","123600","1","NA","12","1892","","123600","1892"
"Joven","Hombre","Alquilada","Casado","Cerca","45800","0","Media","6","489","","45800","489"
"Adulto","Hombre","Propia","Casado","Lejos","77800","1","Alta","18","1813","","77800","1813"
"Adulto","Mujer","Propia","Soltero","Cerca","48700","1","NA","12","1457","","48700","1457"
"Adulto","Mujer","Alquilada","Soltero","Lejos","39000","3","Baja","6","292","","39000","292"
"Joven","Mujer","Alquilada","Casado","Cerca","40000","0","NA","6","613","","40000","613"
"Adulto","Mujer","Alquilada","Casado","Cerca","118300","1","NA","18","2681","","118300","2681"
"Joven","Mujer","Propia","Soltero","Cerca","27100","2","Baja","24","437","","27100","437"
"Adulto","Mujer","Alquilada","Casado","Cerca","91000","2","Media","6","708","","91000","708"
"Adulto","Mujer","Propia","Casado","Cerca","35300","0","Media","24","1093","","35300","1093"
"Joven","Mujer","Alquilada","Soltero","Lejos","10200","2","Baja","18","213","","10200","213"
"Joven","Mujer","Alquilada","Soltero","Cerca","12500","1","Baja","6","202","","12500","202"
"Mayor","Mujer","Propia","Soltero","Cerca","64600","0","NA","6","1298","","64600","1298"
"Adulto","Hombre","Propia","Casado","Lejos","113800","0","NA","12","3273","","113800","3273"
"Adulto","Hombre","Propia","Casado","Lejos","113400","3","Alta","18","1790","","113400","1790"
"Joven","Mujer","Alquilada","Soltero","Cerca","16900","1","Baja","6","247","","16900","247"
"Joven","Mujer","Alquilada","Soltero","Cerca","13600","1","Baja","6","183","","13600","183"
"Adulto","Hombre","Propia","Casado","Lejos","100100","1","Alta","24","3491","","100100","3491"
"Mayor","Mujer","Propia","Casado","Lejos","80000","0","Alta","6","1985","","80000","1985"
"Adulto","Hombre","Propia","Casado","Cerca","83900","0","Alta","24","1721","","83900","1721"
"Adulto","Hombre","Propia","Casado","Cerca","77000","0","Alta","12","2104","","77000","2104"
"Adulto","Mujer","Alquilada","Casado","Cerca","72900","3","Baja","6","252","","72900","252"
"Joven","Hombre","Alquilada","Casado","Cerca","80700","3","Baja","6","202","","80700","202"
"Joven","Mujer","Alquilada","Casado","Cerca","40900","1","Media","18","962","","40900","962"
"Joven","Mujer","Alquilada","Soltero","Cerca","26700","1","NA","12","459","","26700","459"
"Adulto","Hombre","Propia","Casado","Cerca","54700","0","Media","18","848","","54700","848"
"Mayor","Mujer","Alquilada","Casado","Cerca","23600","1","Baja","6","161","","23600","161"
"Adulto","Hombre","Alquilada","Soltero","Lejos","56900","0","Alta","24","1857","","56900","1857"
"Adulto","Hombre","Propia","Soltero","Lejos","68700","1","NA","24","1699","","68700","1699"
"Joven","Mujer","Alquilada","Soltero","Cerca","19300","1","Baja","24","308","","19300","308"
"Joven","Hombre","Alquilada","Casado","Lejos","20200","1","Baja","24","500","","20200","500"
"Adulto","Mujer","Alquilada","Casado","Lejos","61500","3","Media","24","1162","","61500","1162"
"Adulto","Mujer","Propia","Casado","Lejos","101700","1","NA","24","2551","","101700","2551"
"Adulto","Mujer","Alquilada","Casado","Lejos","120800","1","Alta","24","5830","","120800","5830"
"Joven","Mujer","Alquilada","Soltero","Lejos","17300","1","Baja","18","381","","17300","381"
"Joven","Mujer","Alquilada","Casado","Cerca","42300","0","NA","6","856","","42300","856"
"Adulto","Hombre","Alquilada","Soltero","Cerca","53300","0","Media","18","1720","","53300","1720"
"Adulto","Mujer","Alquilada","Soltero","Cerca","42800","0","Media","12","759","","42800","759"
"Adulto","Hombre","Propia","Casado","Cerca","98400","0","Alta","18","3305","","98400","3305"
"Adulto","Mujer","Propia","Soltero","Cerca","51200","0","Media","18","1257","","51200","1257"
"Mayor","Hombre","Propia","Soltero","Cerca","62200","0","NA","12","1583","","62200","1583"
"Adulto","Hombre","Propia","Casado","Cerca","109200","3","Baja","24","1102","","109200","1102"
"Joven","Mujer","Alquilada","Soltero","Cerca","11400","2","NA","6","186","","11400","186"
"Joven","Mujer","Alquilada","Soltero","Cerca","14000","0","Baja","12","229","","14000","229"
"Mayor","Mujer","Alquilada","Casado","Cerca","97000","0","NA","24","2599","","97000","2599"
"Joven","Mujer","Propia","Soltero","Lejos","29600","3","NA","12","774","","29600","774"
"Mayor","Hombre","Propia","Casado","Cerca","71200","1","Media","12","638","","71200","638"
"Mayor","Mujer","Alquilada","Soltero","Lejos","15000","0","Baja","12","378","","15000","378"
"Adulto","Hombre","Alquilada","Casado","Lejos","64000","1","NA","6","1552","","64000","1552"
"Mayor","Hombre","Propia","Casado","Lejos","33000","0","Media","12","979","","33000","979"
"Mayor","Mujer","Propia","Casado","Cerca","74400","0","Alta","18","2479","","74400","2479"
"Joven","Hombre","Alquilada","Soltero","Lejos","20300","2","Baja","24","450","","20300","450"
"Adulto","Hombre","Alquilada","Casado","Cerca","68700","0","Alta","24","2763","","68700","2763"
"Joven","Hombre","Alquilada","Casado","Lejos","53600","3","Media","24","1560","","53600","1560"
"Mayor","Mujer","Propia","Soltero","Cerca","33200","0","Media","24","1037","","33200","1037"
"Joven","Mujer","Propia","Casado","Lejos","70900","0","NA","6","690","","70900","690"
"Joven","Mujer","Alquilada","Soltero","Cerca","23200","3","NA","24","770","","23200","770"
"Joven","Hombre","Propia","Soltero","Cerca","41400","0","Media","18","643","","41400","643"
"Joven","Mujer","Alquilada","Casado","Cerca","63200","0","Alta","24","1512","","63200","1512"
"Mayor","Hombre","Propia","Casado","Cerca","107400","0","Alta","12","1485","","107400","1485"
"Joven","Hombre","Alquilada","Soltero","Lejos","13900","0","NA","24","570","","13900","570"
"Adulto","Mujer","Alquilada","Casado","Cerca","79900","1","Media","18","1165","","79900","1165"
"Adulto","Hombre","Propia","Casado","Lejos","120000","3","Alta","18","1926","","120000","1926"
"Mayor","Hombre","Alquilada","Casado","Lejos","66300","0","NA","18","2243","","66300","2243"
"Adulto","Mujer","Propia","Soltero","Cerca","54400","3","Baja","18","342","","54400","342"
"Adulto","Hombre","Propia","Casado","Cerca","84200","0","Alta","24","1654","","84200","1654"
"Joven","Mujer","Alquilada","Casado","Cerca","13800","0","Baja","18","363","","13800","363"
"Joven","Mujer","Alquilada","Soltero","Lejos","14500","1","Baja","6","222","","14500","222"
"Joven","Hombre","Alquilada","Soltero","Cerca","21300","0","Baja","24","677","","21300","677"
"Mayor","Hombre","Alquilada","Soltero","Cerca","29000","0","Baja","6","482","","29000","482"
"Mayor","Mujer","Alquilada","Soltero","Cerca","14600","1","Baja","24","385","","14600","385"
"Mayor","Hombre","Propia","Soltero","Cerca","65300","0","Alta","18","1443","","65300","1443"
"Adulto","Mujer","Propia","Casado","Cerca","100800","1","Alta","24","1789","","100800","1789"
"Joven","Mujer","Alquilada","Soltero","Lejos","19800","1","Baja","24","991","","19800","991"
"Adulto","Hombre","Propia","Soltero","Cerca","56700","2","Baja","18","536","","56700","536"
"Mayor","Hombre","Alquilada","Casado","Cerca","90200","0","Alta","18","2183","","90200","2183"
"Joven","Hombre","Alquilada","Soltero","Cerca","26100","1","NA","6","494","","26100","494"
"Joven","Mujer","Alquilada","Soltero","Cerca","15900","0","Baja","18","503","","15900","503"
"Joven","Mujer","Alquilada","Soltero","Cerca","12700","3","Baja","12","87","","12700","87"
"Adulto","Hombre","Alquilada","Soltero","Cerca","43200","0","NA","24","917","","43200","917"
"Adulto","Mujer","Alquilada","Casado","Cerca","114100","1","NA","24","1976","","114100","1976"
"Adulto","Hombre","Propia","Casado","Cerca","96100","3","Baja","12","316","","96100","316"
"Adulto","Hombre","Propia","Casado","Cerca","97200","0","NA","12","1634","","97200","1634"
"Adulto","Hombre","Propia","Casado","Lejos","82400","2","Alta","24","2035","","82400","2035"
"Mayor","Hombre","Propia","Soltero","Lejos","62000","0","Alta","24","3293","","62000","3293"
"Joven","Mujer","Alquilada","Soltero","Cerca","13400","1","Baja","12","143","","13400","143"
"Adulto","Hombre","Propia","Casado","Cerca","108200","3","Baja","12","635","","108200","635"
"Joven","Mujer","Propia","Casado","Cerca","76200","0","Alta","12","979","","76200","979"
"Adulto","Hombre","Alquilada","Casado","Cerca","81800","1","Alta","18","1838","","81800","1838"
"Joven","Mujer","Alquilada","Soltero","Lejos","12000","0","Baja","6","264","","12000","264"
"Adulto","Hombre","Propia","Casado","Cerca","76100","0","NA","6","719","","76100","719"
"Adulto","Hombre","Propia","Casado","Cerca","82100","1","Alta","18","1308","","82100","1308"
"Mayor","Mujer","Propia","Casado","Cerca","103300","0","Alta","24","3378","","103300","3378"
"Joven","Hombre","Alquilada","Soltero","Cerca","14200","1","NA","24","400","","14200","400"
"Adulto","Mujer","Propia","Soltero","Lejos","47500","0","Alta","6","847","","47500","847"
"Joven","Mujer","Alquilada","Soltero","Cerca","31300","1","Baja","6","357","","31300","357"
"Joven","Mujer","Alquilada","Casado","Lejos","32700","1","NA","18","1276","","32700","1276"
"Adulto","Hombre","Propia","Casado","Cerca","72200","0","Alta","24","2492","","72200","2492"
"Adulto","Mujer","Propia","Casado","Cerca","107600","2","Media","12","1512","","107600","1512"
"Adulto","Hombre","Propia","Casado","Cerca","109900","2","Media","12","870","","109900","870"
"Adulto","Mujer","Propia","Casado","Cerca","65400","2","Media","24","938","","65400","938"
"Mayor","Mujer","Propia","Soltero","Cerca","43300","0","NA","12","1584","","43300","1584"
"Mayor","Mujer","Propia","Soltero","Cerca","51900","0","Media","12","1148","","51900","1148"
"Adulto","Mujer","Propia","Casado","Lejos","80600","0","Alta","24","2840","","80600","2840"
"Adulto","Mujer","Alquilada","Soltero","Cerca","42700","0","Media","12","827","","42700","827"
"Joven","Hombre","Alquilada","Soltero","Lejos","19000","0","NA","12","428","","19000","428"
"Joven","Mujer","Alquilada","Soltero","Cerca","14500","1","Baja","6","183","","14500","183"
"Adulto","Mujer","Propia","Casado","Cerca","68200","1","NA","6","818","","68200","818"
"Joven","Hombre","Alquilada","Casado","Cerca","36700","0","Media","12","731","","36700","731"
"Mayor","Hombre","Propia","Casado","Lejos","54600","0","Alta","24","2163","","54600","2163"
"Adulto","Hombre","Propia","Casado","Cerca","65900","1","Media","12","1081","","65900","1081"
"Joven","Hombre","Propia","Soltero","Lejos","39600","0","NA","12","1085","","39600","1085"
"Joven","Hombre","Alquilada","Casado","Lejos","67300","3","NA","6","1212","","67300","1212"
"Adulto","Hombre","Propia","Soltero","Cerca","59700","1","NA","18","1422","","59700","1422"
"Adulto","Mujer","Propia","Casado","Lejos","102800","2","Alta","18","2238","","102800","2238"
"Adulto","Mujer","Alquilada","Soltero","Cerca","34700","0","NA","18","1615","","34700","1615"
"Adulto","Hombre","Propia","Soltero","Cerca","50600","3","NA","6","713","","50600","713"
"Adulto","Hombre","Alquilada","Casado","Cerca","106700","2","Media","6","607","","106700","607"
"Adulto","Hombre","Alquilada","Soltero","Cerca","53900","1","Media","6","735","","53900","735"
"Joven","Mujer","Alquilada","Casado","Cerca","25500","2","Baja","6","139","","25500","139"
"Joven","Hombre","Alquilada","Casado","Lejos","46300","1","Media","18","1357","","46300","1357"
"Mayor","Hombre","Propia","Casado","Cerca","55500","0","Media","18","858","","55500","858"
"Joven","Mujer","Propia","Soltero","Cerca","27800","3","NA","12","408","","27800","408"
"Adulto","Hombre","Propia","Casado","Cerca","118600","1","NA","12","1553","","118600","1553"
"Adulto","Mujer","Propia","Casado","Cerca","130700","3","NA","6","2070","","130700","2070"
"Mayor","Hombre","Alquilada","Soltero","Cerca","42800","0","Media","12","922","","42800","922"
"Adulto","Mujer","Propia","Casado","Lejos","118300","1","Alta","12","2502","","118300","2502"
"Joven","Mujer","Alquilada","Soltero","Lejos","25600","2","NA","18","426","","25600","426"
"Adulto","Hombre","Alquilada","Casado","Cerca","63500","2","NA","24","2321","","63500","2321"
"Mayor","Mujer","Propia","Soltero","Cerca","30900","0","Media","18","862","","30900","862"
"Adulto","Hombre","Propia","Soltero","Cerca","55900","1","NA","24","2555","","55900","2555"
"Adulto","Hombre","Propia","Soltero","Lejos","53900","0","NA","12","1186","","53900","1186"
"Mayor","Hombre","Propia","Casado","Cerca","84300","0","Alta","24","2842","","84300","2842"
"Mayor","Hombre","Propia","Soltero","Cerca","53400","1","Media","12","886","","53400","886"
"Adulto","Hombre","Propia","Casado","Cerca","96900","1","Alta","12","1420","","96900","1420"
"Adulto","Hombre","Alquilada","Soltero","Lejos","55800","1","NA","6","821","","55800","821"
"Joven","Mujer","Alquilada","Casado","Cerca","25900","1","Baja","6","242","","25900","242"
"Joven","Mujer","Alquilada","Soltero","Cerca","22000","1","Baja","12","472","","22000","472"
"Adulto","Mujer","Alquilada","Casado","Cerca","96700","2","Media","12","1231","","96700","1231"
"Adulto","Mujer","Alquilada","Soltero","Cerca","40200","1","NA","12","881","","40200","881"
"Mayor","Hombre","Propia","Casado","Cerca","26800","0","Baja","12","435","","26800","435"
"Joven","Mujer","Alquilada","Soltero","Cerca","16700","2","Baja","12","108","","16700","108"
"Joven","Mujer","Alquilada","Casado","Cerca","40900","2","Baja","18","576","","40900","576"
"Joven","Hombre","Alquilada","Casado","Lejos","41500","3","NA","24","1314","","41500","1314"
"Joven","Hombre","Alquilada","Soltero","Cerca","20900","0","NA","6","296","","20900","296"
"Joven","Mujer","Alquilada","Casado","Cerca","69700","2","Media","6","584","","69700","584"
"Adulto","Hombre","Alquilada","Soltero","Cerca","61800","0","Alta","24","1156","","61800","1156"
"Adulto","Hombre","Propia","Casado","Cerca","102500","1","Alta","24","2464","","102500","2464"
"Adulto","Mujer","Propia","Casado","Cerca","48900","3","NA","18","915","","48900","915"
"Adulto","Hombre","Propia","Soltero","Cerca","60300","0","NA","24","2091","","60300","2091"
"Joven","Hombre","Alquilada","Casado","Lejos","41600","0","Alta","24","1690","","41600","1690"
"Adulto","Hombre","Propia","Soltero","Cerca","73700","1","Media","12","1274","","73700","1274"
"Joven","Mujer","Alquilada","Soltero","Cerca","27000","1","NA","24","1012","","27000","1012"
"Adulto","Mujer","Alquilada","Soltero","Cerca","43700","0","Media","12","950","","43700","950"
"Joven","Hombre","Alquilada","Soltero","Cerca","10200","2","NA","12","333","","10200","333"
"Adulto","Mujer","Propia","Casado","Cerca","63300","2","Media","24","679","","63300","679"
"Joven","Mujer","Propia","Soltero","Lejos","33200","2","Media","12","607","","33200","607"
"Mayor","Mujer","Propia","Casado","Lejos","78800","0","Alta","18","3398","","78800","3398"
"Adulto","Hombre","Propia","Casado","Cerca","82500","0","Alta","6","859","","82500","859"
"Adulto","Hombre","Propia","Soltero","Lejos","80800","2","Alta","18","2444","","80800","2444"
"Adulto","Hombre","Propia","Casado","Cerca","88100","2","Media","24","1078","","88100","1078"
"Adulto","Hombre","Alquilada","Casado","Lejos","124800","3","Alta","18","2537","","124800","2537"
"Joven","Hombre","Propia","Soltero","Cerca","31900","0","Media","6","616","","31900","616"
"Adulto","Mujer","Propia","Soltero","Cerca","53300","3","NA","6","508","","53300","508"
"Mayor","Hombre","Propia","Casado","Lejos","15400","0","Baja","6","297","","15400","297"
"Adulto","Hombre","Propia","Casado","Cerca","70200","0","NA","6","1583","","70200","1583"
"Joven","Mujer","Alquilada","Soltero","Cerca","23000","3","Baja","6","79","","23000","79"
"Adulto","Mujer","Propia","Casado","Cerca","82400","2","Media","18","657","","82400","657"
"Adulto","Mujer","Propia","Casado","Cerca","97900","0","Alta","24","2149","","97900","2149"
"Mayor","Mujer","Alquilada","Casado","Lejos","88400","0","Alta","18","3632","","88400","3632"
"Adulto","Mujer","Propia","Casado","Cerca","86900","0","Alta","18","2230","","86900","2230"
"Adulto","Mujer","Propia","Soltero","Cerca","45100","1","Media","12","448","","45100","448"
"Adulto","Hombre","Alquilada","Soltero","Cerca","41800","3","Baja","24","301","","41800","301"
"Mayor","Hombre","Propia","Casado","Cerca","74800","0","Alta","18","1968","","74800","1968"
"Adulto","Mujer","Alquilada","Casado","Cerca","73000","1","Media","6","490","","73000","490"
"Adulto","Hombre","Propia","Casado","Cerca","118500","1","Alta","24","3063","","118500","3063"
"Adulto","Hombre","Propia","Soltero","Cerca","65300","3","Baja","6","193","","65300","193"
"Adulto","Mujer","Alquilada","Casado","Cerca","66300","2","Media","12","544","","66300","544"
"Adulto","Hombre","Propia","Casado","Lejos","103900","1","Alta","24","2666","","103900","2666"
"Adulto","Mujer","Propia","Casado","Cerca","71900","0","Alta","18","1846","","71900","1846"
"Adulto","Hombre","Propia","Casado","Lejos","86100","1","NA","12","1255","","86100","1255"
"Adulto","Hombre","Propia","Casado","Cerca","96300","1","Alta","12","1081","","96300","1081"
"Joven","Mujer","Alquilada","Soltero","Cerca","10200","3","NA","6","199","","10200","199"
"Adulto","Hombre","Propia","Casado","Cerca","96300","2","NA","18","3916","","96300","3916"
"Mayor","Mujer","Propia","Soltero","Lejos","24000","1","Baja","6","357","","24000","357"
"Adulto","Mujer","Alquilada","Casado","Cerca","46700","0","Media","24","983","","46700","983"
"Adulto","Mujer","Alquilada","Soltero","Cerca","53700","2","NA","12","1194","","53700","1194"
"Adulto","Hombre","Alquilada","Casado","Cerca","108300","2","NA","12","2224","","108300","2224"
"Joven","Mujer","Alquilada","Soltero","Cerca","12100","1","Baja","6","90","","12100","90"
"Joven","Hombre","Alquilada","Casado","Cerca","36600","0","NA","6","587","","36600","587"
"Mayor","Hombre","Propia","Casado","Cerca","66300","0","Alta","12","1088","","66300","1088"
"Joven","Mujer","Propia","Soltero","Cerca","33400","1","NA","6","617","","33400","617"
"Adulto","Hombre","Propia","Casado","Lejos","70000","1","NA","6","1227","","70000","1227"
"Adulto","Mujer","Propia","Soltero","Cerca","47900","1","Media","24","662","","47900","662"
"Adulto","Mujer","Alquilada","Casado","Cerca","40500","2","Baja","18","622","","40500","622"
"Mayor","Hombre","Propia","Soltero","Cerca","69100","0","Alta","12","1477","","69100","1477"
"Joven","Mujer","Alquilada","Soltero","Cerca","13300","1","NA","6","236","","13300","236"
"Adulto","Mujer","Alquilada","Casado","Lejos","75800","1","Alta","12","1830","","75800","1830"
"Adulto","Mujer","Alquilada","Casado","Cerca","48600","0","Media","24","1583","","48600","1583"
"Mayor","Mujer","Propia","Soltero","Cerca","39600","0","Media","12","610","","39600","610"
"Joven","Mujer","Alquilada","Soltero","Cerca","11700","0","Baja","12","193","","11700","193"
"Joven","Hombre","Alquilada","Casado","Cerca","52600","1","Media","12","1052","","52600","1052"
"Joven","Hombre","Alquilada","Soltero","Cerca","14600","3","NA","6","307","","14600","307"
"Mayor","Hombre","Propia","Casado","Cerca","123000","0","Alta","24","3671","","123000","3671"
"Mayor","Mujer","Alquilada","Casado","Lejos","64600","0","Alta","18","2206","","64600","2206"
"Adulto","Mujer","Propia","Soltero","Lejos","34600","2","Media","18","748","","34600","748"
"Adulto","Hombre","Propia","Casado","Cerca","74500","0","Alta","6","1481","","74500","1481"
"Mayor","Hombre","Propia","Casado","Cerca","56600","0","NA","24","1607","","56600","1607"
"Mayor","Mujer","Alquilada","Soltero","Cerca","37000","1","NA","6","632","","37000","632"
"Joven","Mujer","Alquilada","Soltero","Lejos","18400","1","Baja","6","303","","18400","303"
"Joven","Hombre","Alquilada","Soltero","Cerca","25000","0","Baja","6","264","","25000","264"
"Adulto","Hombre","Propia","Casado","Lejos","61400","1","Alta","24","1575","","61400","1575"
"Adulto","Hombre","Propia","Casado","Cerca","76400","2","Media","18","881","","76400","881"
"Joven","Hombre","Propia","Casado","Cerca","55100","0","Media","18","1439","","55100","1439"
"Mayor","Mujer","Propia","Casado","Lejos","22800","0","NA","12","452","","22800","452"
"Mayor","Mujer","Propia","Casado","Cerca","10100","1","Baja","6","93","","10100","93"
"Joven","Hombre","Alquilada","Soltero","Cerca","17800","0","Baja","18","292","","17800","292"
"Adulto","Mujer","Propia","Casado","Cerca","59100","1","NA","6","1426","","59100","1426"
"Joven","Mujer","Alquilada","Soltero","Lejos","19700","2","Baja","6","330","","19700","330"
"Adulto","Hombre","Propia","Casado","Lejos","73800","0","Alta","24","3120","","73800","3120"
"Adulto","Hombre","Propia","Casado","Lejos","113300","1","Alta","18","5151","","113300","5151"
"Adulto","Hombre","Propia","Casado","Lejos","118400","2","NA","12","3941","","118400","3941"
"Adulto","Hombre","Propia","Casado","Cerca","92300","1","NA","24","2141","","92300","2141"
"Joven","Hombre","Alquilada","Soltero","Cerca","11200","0","NA","6","106","","11200","106"
"Joven","Mujer","Alquilada","Casado","Lejos","30100","0","Media","12","530","","30100","530"
"Adulto","Mujer","Propia","Soltero","Cerca","43500","1","Media","12","500","","43500","500"
"Adulto","Hombre","Propia","Casado","Cerca","97500","0","Alta","18","2837","","97500","2837"
"Mayor","Hombre","Propia","Casado","Cerca","54600","0","Media","24","1246","","54600","1246"
"Adulto","Hombre","Alquilada","Soltero","Lejos","42500","1","NA","6","798","","42500","798"
"Adulto","Hombre","Propia","Soltero","Cerca","82800","0","NA","6","1544","","82800","1544"
"Mayor","Hombre","Propia","Casado","Lejos","62300","0","Alta","24","2644","","62300","2644"
"Joven","Hombre","Alquilada","Soltero","Lejos","21900","2","NA","6","192","","21900","192"
"Adulto","Mujer","Alquilada","Soltero","Lejos","35600","3","Baja","18","865","","35600","865"
"Adulto","Hombre","Propia","Casado","Cerca","96900","0","Alta","6","1159","","96900","1159"
"Joven","Mujer","Alquilada","Casado","Cerca","36900","1","NA","18","1480","","36900","1480"
"Adulto","Mujer","Alquilada","Casado","Cerca","93500","1","Alta","18","1426","","93500","1426"
"Adulto","Hombre","Propia","Casado","Cerca","97300","1","NA","12","3048","","97300","3048"
"Joven","Hombre","Alquilada","Soltero","Cerca","21900","0","Baja","12","276","","21900","276"
"Adulto","Hombre","Alquilada","Soltero","Cerca","63000","0","Alta","24","1910","","63000","1910"
"Joven","Mujer","Alquilada","Soltero","Cerca","11500","3","NA","6","157","","11500","157"
"Adulto","Hombre","Propia","Soltero","Cerca","44600","2","Baja","6","236","","44600","236"
"Joven","Mujer","Alquilada","Soltero","Cerca","21900","1","NA","12","576","","21900","576"
"Adulto","Hombre","Alquilada","Soltero","Lejos","45100","1","Media","12","794","","45100","794"
"Mayor","Mujer","Propia","Casado","Cerca","74900","0","Alta","12","1474","","74900","1474"
"Joven","Hombre","Alquilada","Soltero","Cerca","14200","0","Baja","6","250","","14200","250"
"Joven","Mujer","Alquilada","Soltero","Lejos","23200","2","NA","24","788","","23200","788"
"Mayor","Hombre","Propia","Casado","Cerca","73300","0","NA","12","1694","","73300","1694"
"Mayor","Hombre","Propia","Casado","Lejos","41300","0","Alta","24","1985","","41300","1985"
"Mayor","Mujer","Propia","Soltero","Lejos","32700","0","Media","24","1252","","32700","1252"
"Mayor","Mujer","Propia","Soltero","Cerca","35200","0","NA","12","827","","35200","827"
"Joven","Mujer","Alquilada","Soltero","Cerca","13100","0","NA","18","314","","13100","314"
"Adulto","Hombre","Propia","Casado","Cerca","97400","1","Alta","6","880","","97400","880"
"Joven","Mujer","Alquilada","Soltero","Lejos","23100","2","Baja","6","466","","23100","466"
"Adulto","Hombre","Propia","Soltero","Cerca","49200","3","Baja","12","210","","49200","210"
"Adulto","Hombre","Propia","Soltero","Lejos","45000","1","NA","18","902","","45000","902"
"Adulto","Hombre","Propia","Casado","Cerca","87200","0","Alta","18","1274","","87200","1274"
"Adulto","Hombre","Propia","Soltero","Cerca","49900","1","NA","24","1631","","49900","1631"
"Adulto","Hombre","Propia","Casado","Cerca","66900","0","Alta","12","1220","","66900","1220"
"Adulto","Mujer","Propia","Soltero","Cerca","47600","1","Media","12","801","","47600","801"
"Adulto","Mujer","Propia","Soltero","Cerca","47900","0","NA","12","1090","","47900","1090"
"Adulto","Hombre","Propia","Soltero","Cerca","59400","0","Media","18","1699","","59400","1699"
"Adulto","Mujer","Alquilada","Soltero","Cerca","32700","2","Baja","6","273","","32700","273"
"Adulto","Hombre","Alquilada","Soltero","Cerca","34200","1","Baja","18","523","","34200","523"
"Adulto","Hombre","Propia","Casado","Cerca","96600","0","NA","12","1437","","96600","1437"
"Adulto","Mujer","Propia","Casado","Cerca","126300","1","Alta","6","1888","","126300","1888"
"Joven","Hombre","Alquilada","Soltero","Cerca","31600","1","NA","12","476","","31600","476"
"Adulto","Mujer","Propia","Casado","Lejos","108100","3","Alta","18","2632","","108100","2632"
"Adulto","Mujer","Alquilada","Soltero","Cerca","43300","3","Baja","24","326","","43300","326"
"Mayor","Mujer","Alquilada","Soltero","Lejos","17900","0","Baja","6","446","","17900","446"
"Adulto","Hombre","Propia","Soltero","Lejos","50100","1","Alta","18","1071","","50100","1071"
"Mayor","Mujer","Propia","Casado","Cerca","74700","0","Alta","12","1699","","74700","1699"
"Mayor","Hombre","Alquilada","Casado","Cerca","60000","0","Media","6","966","","60000","966"
"Joven","Hombre","Propia","Soltero","Cerca","33400","0","NA","12","567","","33400","567"
"Adulto","Mujer","Alquilada","Casado","Cerca","68800","0","NA","6","1658","","68800","1658"
"Adulto","Mujer","Alquilada","Soltero","Cerca","25700","2","Baja","6","173","","25700","173"
"Adulto","Hombre","Propia","Casado","Cerca","83700","0","Alta","24","3344","","83700","3344"
"Adulto","Hombre","Alquilada","Soltero","Cerca","50500","0","Media","12","1029","","50500","1029"
"Joven","Mujer","Alquilada","Soltero","Cerca","17300","0","Baja","12","345","","17300","345"
"Adulto","Hombre","Propia","Soltero","Cerca","45800","0","NA","6","712","","45800","712"
"Mayor","Hombre","Propia","Casado","Cerca","108900","0","Alta","12","1841","","108900","1841"
"Adulto","Mujer","Alquilada","Casado","Cerca","60500","2","Baja","6","409","","60500","409"
"Mayor","Mujer","Propia","Casado","Lejos","84100","0","Alta","18","2710","","84100","2710"
"Joven","Hombre","Alquilada","Casado","Lejos","25100","0","Media","12","592","","25100","592"
"Adulto","Hombre","Propia","Casado","Cerca","69900","1","NA","18","2101","","69900","2101"
"Adulto","Hombre","Propia","Casado","Cerca","97100","0","NA","12","1473","","97100","1473"
"Adulto","Mujer","Propia","Casado","Cerca","72200","2","Media","18","715","","72200","715"
"Mayor","Mujer","Propia","Casado","Lejos","78900","0","Alta","18","2233","","78900","2233"
"Adulto","Mujer","Propia","Soltero","Lejos","62500","3","NA","6","921","","62500","921"
"Joven","Mujer","Alquilada","Soltero","Cerca","17800","1","Baja","6","216","","17800","216"
"Adulto","Mujer","Propia","Casado","Cerca","105500","1","Alta","6","1781","","105500","1781"
"Adulto","Mujer","Propia","Soltero","Cerca","46100","2","Baja","12","418","","46100","418"
"Joven","Hombre","Alquilada","Soltero","Cerca","27100","1","Baja","12","268","","27100","268"
"Joven","Hombre","Alquilada","Casado","Lejos","60300","1","NA","6","1252","","60300","1252"
"Joven","Mujer","Alquilada","Soltero","Cerca","12000","0","Baja","6","140","","12000","140"
"Adulto","Mujer","Propia","Soltero","Cerca","48400","0","Media","12","992","","48400","992"
"Adulto","Hombre","Alquilada","Soltero","Cerca","45600","0","Media","18","1388","","45600","1388"
"Adulto","Mujer","Propia","Soltero","Cerca","35200","2","Baja","6","233","","35200","233"
"Adulto","Hombre","Alquilada","Soltero","Lejos","60200","0","Alta","24","2304","","60200","2304"
"Adulto","Mujer","Alquilada","Casado","Lejos","53900","1","Alta","18","2177","","53900","2177"
"Adulto","Hombre","Propia","Casado","Cerca","70400","2","NA","12","1127","","70400","1127"
"Joven","Hombre","Alquilada","Casado","Cerca","36900","0","Media","18","721","","36900","721"
"Mayor","Mujer","Propia","Soltero","Cerca","36100","0","Media","12","438","","36100","438"
"Joven","Mujer","Alquilada","Soltero","Cerca","11000","2","NA","18","393","","11000","393"
"Adulto","Hombre","Propia","Soltero","Cerca","61600","0","NA","18","1666","","61600","1666"
"Adulto","Hombre","Propia","Casado","Cerca","88700","1","NA","18","2448","","88700","2448"
"Adulto","Mujer","Propia","Casado","Lejos","88600","1","Alta","18","2563","","88600","2563"
"Adulto","Hombre","Alquilada","Casado","Cerca","79500","0","Alta","18","1763","","79500","1763"
"Joven","Mujer","Alquilada","Soltero","Cerca","18900","1","Baja","6","184","","18900","184"
"Mayor","Mujer","Propia","Soltero","Cerca","17300","0","Baja","6","166","","17300","166"
"Adulto","Mujer","Alquilada","Casado","Cerca","81400","2","NA","6","1014","","81400","1014"
"Joven","Hombre","Alquilada","Casado","Cerca","36500","0","Media","24","1140","","36500","1140"
"Adulto","Mujer","Propia","Soltero","Cerca","43300","1","NA","18","1021","","43300","1021"
"Adulto","Hombre","Propia","Casado","Cerca","76700","1","Media","24","1431","","76700","1431"
"Adulto","Hombre","Propia","Casado","Lejos","123000","1","Alta","24","5878","","123000","5878"
"Adulto","Hombre","Propia","Soltero","Cerca","56300","3","Baja","6","321","","56300","321"
"Adulto","Hombre","Propia","Casado","Cerca","70000","0","Alta","24","1974","","70000","1974"
"Adulto","Hombre","Propia","Soltero","Cerca","48100","0","Media","18","1640","","48100","1640"
"Joven","Mujer","Alquilada","Casado","Cerca","79400","0","NA","6","1175","","79400","1175"
"Adulto","Mujer","Propia","Casado","Cerca","63700","3","Baja","12","364","","63700","364"
"Joven","Hombre","Alquilada","Soltero","Cerca","21200","0","NA","12","417","","21200","417"
"Adulto","Hombre","Alquilada","Soltero","Cerca","53900","0","Media","12","1060","","53900","1060"
"Mayor","Mujer","Propia","Casado","Cerca","118800","0","Alta","18","2176","","118800","2176"
"Adulto","Mujer","Propia","Casado","Cerca","79400","3","Baja","6","200","","79400","200"
"Mayor","Mujer","Alquilada","Soltero","Lejos","20400","0","NA","24","513","","20400","513"
"Adulto","Hombre","Alquilada","Soltero","Cerca","52400","0","NA","18","857","","52400","857"
"Mayor","Mujer","Propia","Soltero","Cerca","17600","0","Baja","6","224","","17600","224"
"Joven","Hombre","Alquilada","Soltero","Cerca","23500","0","Baja","12","371","","23500","371"
"Joven","Hombre","Alquilada","Casado","Cerca","56900","2","Baja","12","687","","56900","687"
"Adulto","Hombre","Propia","Casado","Cerca","95100","2","Media","12","809","","95100","809"
"Adulto","Hombre","Propia","Casado","Cerca","119800","2","Media","24","2090","","119800","2090"
"Mayor","Hombre","Propia","Soltero","Cerca","58700","0","NA","24","1479","","58700","1479"
"Adulto","Mujer","Propia","Casado","Cerca","76700","2","Media","6","534","","76700","534"
"Adulto","Hombre","Propia","Casado","Cerca","67600","1","Media","18","1172","","67600","1172"
"Adulto","Hombre","Propia","Soltero","Cerca","61500","2","Media","24","968","","61500","968"
"Mayor","Mujer","Propia","Casado","Cerca","72900","0","Alta","6","753","","72900","753"
"Mayor","Mujer","Alquilada","Soltero","Cerca","21200","0","Baja","6","242","","21200","242"
"Mayor","Hombre","Alquilada","Soltero","Cerca","32400","1","Baja","12","515","","32400","515"
"Adulto","Mujer","Propia","Casado","Cerca","62200","3","NA","24","2119","","62200","2119"
"Mayor","Mujer","Propia","Soltero","Cerca","24400","0","Baja","6","491","","24400","491"
"Adulto","Hombre","Propia","Casado","Cerca","66500","3","Baja","12","286","","66500","286"
"Mayor","Mujer","Alquilada","Casado","Lejos","72200","0","Alta","24","3069","","72200","3069"
"Joven","Mujer","Alquilada","Soltero","Cerca","16900","2","NA","6","281","","16900","281"
"Joven","Hombre","Alquilada","Casado","Cerca","56300","0","NA","24","1608","","56300","1608"
"Mayor","Mujer","Propia","Soltero","Lejos","22000","0","Media","12","736","","22000","736"
"Joven","Mujer","Alquilada","Soltero","Cerca","18800","2","Baja","18","170","","18800","170"
"Joven","Mujer","Alquilada","Soltero","Cerca","26600","2","Baja","24","245","","26600","245"
"Adulto","Mujer","Alquilada","Casado","Cerca","72100","0","Alta","24","3052","","72100","3052"
"Adulto","Hombre","Propia","Soltero","Lejos","55600","0","Alta","18","1786","","55600","1786"
"Joven","Mujer","Alquilada","Soltero","Cerca","14600","3","Baja","6","47","","14600","47"
"Mayor","Hombre","Propia","Casado","Cerca","45900","0","Media","24","1645","","45900","1645"
"Joven","Mujer","Propia","Soltero","Cerca","15100","0","Baja","6","274","","15100","274"
"Adulto","Hombre","Propia","Casado","Cerca","140700","3","Media","12","1001","","140700","1001"
"Adulto","Hombre","Propia","Casado","Cerca","90300","0","Alta","24","1944","","90300","1944"
"Mayor","Hombre","Propia","Casado","Cerca","95900","0","Alta","24","2585","","95900","2585"
"Joven","Hombre","Alquilada","Soltero","Lejos","20800","0","NA","6","260","","20800","260"
"Adulto","Hombre","Propia","Casado","Cerca","98400","0","Alta","12","1414","","98400","1414"
"Joven","Mujer","Alquilada","Soltero","Cerca","15000","2","NA","12","341","","15000","341"
"Joven","Hombre","Alquilada","Soltero","Cerca","17700","1","Baja","12","268","","17700","268"
"Adulto","Hombre","Propia","Casado","Cerca","102400","1","Alta","18","1237","","102400","1237"
"Joven","Hombre","Alquilada","Soltero","Lejos","17800","1","NA","18","589","","17800","589"
"Joven","Hombre","Alquilada","Soltero","Lejos","13800","1","Baja","12","368","","13800","368"
"Adulto","Mujer","Alquilada","Soltero","Cerca","50500","1","Media","12","940","","50500","940"
"Adulto","Mujer","Alquilada","Soltero","Cerca","42000","3","Baja","18","232","","42000","232"
"Adulto","Hombre","Propia","Casado","Cerca","95800","3","Baja","12","678","","95800","678"
"Joven","Hombre","Alquilada","Soltero","Cerca","15200","0","NA","12","324","","15200","324"
"Joven","Hombre","Alquilada","Soltero","Cerca","15800","2","Baja","12","147","","15800","147"
"Mayor","Hombre","Propia","Soltero","Cerca","51400","0","NA","6","694","","51400","694"
"Mayor","Mujer","Alquilada","Casado","Cerca","38200","0","Media","6","526","","38200","526"
"Adulto","Mujer","Alquilada","Soltero","Cerca","39900","1","Baja","12","586","","39900","586"
"Joven","Mujer","Propia","Soltero","Cerca","21600","2","NA","12","491","","21600","491"
"Mayor","Mujer","Propia","Casado","Cerca","65900","0","Alta","24","1436","","65900","1436"
"Adulto","Mujer","Propia","Casado","Cerca","97500","1","Alta","12","1280","","97500","1280"
"Adulto","Hombre","Alquilada","Casado","Lejos","63000","0","Alta","18","2107","","63000","2107"
"Joven","Mujer","Propia","Soltero","Lejos","31900","0","NA","12","860","","31900","860"
"Adulto","Mujer","Alquilada","Soltero","Lejos","45500","1","NA","18","1624","","45500","1624"
"Mayor","Mujer","Propia","Soltero","Cerca","12800","0","NA","12","230","","12800","230"
"Mayor","Mujer","Propia","Casado","Lejos","12600","2","Baja","12","164","","12600","164"
"Adulto","Hombre","Alquilada","Soltero","Cerca","50700","3","Baja","6","157","","50700","157"
"Joven","Mujer","Alquilada","Soltero","Cerca","17900","3","Baja","6","62","","17900","62"
"Joven","Mujer","Alquilada","Soltero","Cerca","14400","1","Baja","18","223","","14400","223"
"Mayor","Mujer","Propia","Soltero","Cerca","23800","0","Baja","6","438","","23800","438"
"Adulto","Hombre","Propia","Casado","Cerca","84700","3","NA","24","2705","","84700","2705"
"Adulto","Mujer","Alquilada","Soltero","Cerca","36900","1","Baja","6","371","","36900","371"
"Mayor","Mujer","Propia","Soltero","Cerca","20600","0","Baja","6","201","","20600","201"
"Joven","Hombre","Alquilada","Casado","Cerca","41500","0","NA","24","1213","","41500","1213"
"Adulto","Hombre","Propia","Casado","Cerca","83100","2","Media","6","586","","83100","586"
"Adulto","Hombre","Propia","Casado","Lejos","88700","2","Alta","24","2693","","88700","2693"
"Mayor","Mujer","Propia","Casado","Cerca","54700","0","Media","24","1404","","54700","1404"
"Adulto","Hombre","Propia","Soltero","Cerca","68900","2","NA","18","2784","","68900","2784"
"Joven","Mujer","Alquilada","Soltero","Cerca","22200","2","Baja","18","275","","22200","275"
"Adulto","Mujer","Propia","Casado","Cerca","70900","1","Media","12","794","","70900","794"
"Adulto","Hombre","Propia","Soltero","Cerca","55900","0","Media","12","964","","55900","964"
"Adulto","Mujer","Propia","Casado","Cerca","80800","1","NA","18","1598","","80800","1598"
"Adulto","Hombre","Propia","Casado","Lejos","100600","3","Alta","24","2838","","100600","2838"
"Mayor","Mujer","Propia","Soltero","Cerca","39900","0","NA","6","619","","39900","619"
"Joven","Mujer","Alquilada","Casado","Cerca","71200","3","Baja","12","392","","71200","392"
"Mayor","Mujer","Propia","Casado","Cerca","61000","0","NA","18","1850","","61000","1850"
"Mayor","Hombre","Propia","Soltero","Cerca","38700","0","NA","24","1506","","38700","1506"
"Adulto","Hombre","Propia","Casado","Lejos","98900","0","NA","18","3126","","98900","3126"
"Adulto","Hombre","Propia","Soltero","Cerca","64300","0","NA","6","1325","","64300","1325"
"Adulto","Mujer","Propia","Casado","Cerca","75600","0","NA","12","1541","","75600","1541"
"Joven","Mujer","Alquilada","Casado","Lejos","53700","0","Alta","24","2491","","53700","2491"
"Adulto","Hombre","Propia","Soltero","Cerca","66600","0","Alta","18","1177","","66600","1177"
"Mayor","Mujer","Propia","Casado","Cerca","89000","0","Alta","12","1487","","89000","1487"
"Joven","Mujer","Alquilada","Soltero","Lejos","18200","2","Baja","12","322","","18200","322"
"Joven","Mujer","Alquilada","Casado","Cerca","73600","1","Media","6","647","","73600","647"
"Adulto","Mujer","Alquilada","Soltero","Lejos","45600","0","Alta","12","1322","","45600","1322"
"Joven","Hombre","Propia","Casado","Cerca","73000","0","NA","6","1534","","73000","1534"
"Joven","Hombre","Propia","Soltero","Cerca","29600","3","NA","12","583","","29600","583"
"Adulto","Hombre","Alquilada","Casado","Cerca","92900","1","NA","6","1705","","92900","1705"
"Mayor","Mujer","Alquilada","Soltero","Lejos","13900","0","Baja","6","191","","13900","191"
"Joven","Hombre","Alquilada","Casado","Cerca","64300","3","Baja","6","239","","64300","239"
"Adulto","Hombre","Propia","Casado","Cerca","77100","2","Media","6","568","","77100","568"
"Joven","Mujer","Propia","Soltero","Cerca","27500","3","NA","12","571","","27500","571"
"Mayor","Hombre","Alquilada","Casado","Cerca","81800","0","Alta","6","919","","81800","919"
"Mayor","Mujer","Alquilada","Casado","Cerca","41700","0","Media","18","1398","","41700","1398"
"Mayor","Mujer","Propia","Casado","Cerca","51000","0","Media","12","1025","","51000","1025"
"Adulto","Hombre","Alquilada","Soltero","Cerca","55900","1","Media","12","909","","55900","909"
"Joven","Hombre","Alquilada","Soltero","Cerca","19800","2","Baja","12","209","","19800","209"
"Joven","Hombre","Alquilada","Soltero","Cerca","17600","0","NA","6","245","","17600","245"
"Adulto","Hombre","Alquilada","Casado","Lejos","84100","1","Alta","24","2362","","84100","2362"
"Adulto","Hombre","Propia","Casado","Cerca","85600","0","Alta","24","3380","","85600","3380"
"Joven","Hombre","Alquilada","Soltero","Cerca","13400","0","Baja","18","424","","13400","424"
"Joven","Mujer","Alquilada","Casado","Lejos","47200","1","Media","12","1272","","47200","1272"
"Adulto","Hombre","Propia","Casado","Cerca","96300","1","Alta","24","1909","","96300","1909"
"Adulto","Hombre","Propia","Casado","Cerca","60500","3","Baja","12","340","","60500","340"
"Adulto","Mujer","Propia","Soltero","Cerca","35800","1","NA","24","1355","","35800","1355"
"Adulto","Hombre","Alquilada","Casado","Cerca","106100","3","Baja","12","472","","106100","472"
"Joven","Hombre","Alquilada","Soltero","Cerca","18000","0","Baja","12","303","","18000","303"
"Adulto","Hombre","Alquilada","Soltero","Lejos","50000","1","NA","6","1079","","50000","1079"
"Mayor","Mujer","Propia","Soltero","Cerca","58200","0","Media","18","981","","58200","981"
"Joven","Mujer","Alquilada","Soltero","Lejos","13500","2","Baja","12","160","","13500","160"
"Adulto","Mujer","Propia","Casado","Cerca","59900","1","NA","6","613","","59900","613"
"Joven","Mujer","Alquilada","Soltero","Lejos","18400","1","Baja","12","662","","18400","662"
"Adulto","Hombre","Alquilada","Casado","Cerca","62800","3","Baja","6","177","","62800","177"
"Adulto","Hombre","Alquilada","Soltero","Cerca","70000","0","Alta","6","785","","70000","785"
"Joven","Mujer","Alquilada","Soltero","Lejos","13600","1","NA","18","349","","13600","349"
"Adulto","Mujer","Alquilada","Casado","Cerca","97400","3","Baja","6","213","","97400","213"
"Mayor","Mujer","Propia","Casado","Lejos","37500","0","Media","18","1578","","37500","1578"
"Mayor","Mujer","Propia","Soltero","Cerca","22800","0","Baja","6","258","","22800","258"
"Joven","Mujer","Alquilada","Soltero","Cerca","14200","0","NA","6","192","","14200","192"
"Joven","Hombre","Alquilada","Soltero","Cerca","18700","0","Baja","12","289","","18700","289"
"Adulto","Hombre","Propia","Casado","Cerca","107400","1","Alta","24","1821","","107400","1821"
"Joven","Mujer","Alquilada","Soltero","Lejos","28900","0","Media","24","905","","28900","905"
"Adulto","Hombre","Alquilada","Casado","Cerca","38400","2","Baja","6","188","","38400","188"
"Adulto","Hombre","Alquilada","Soltero","Cerca","54200","0","NA","18","1405","","54200","1405"
"Mayor","Hombre","Propia","Casado","Cerca","102700","0","NA","18","2381","","102700","2381"
"Joven","Mujer","Alquilada","Soltero","Cerca","13300","1","Baja","6","184","","13300","184"
"Adulto","Hombre","Propia","Soltero","Cerca","60200","3","NA","12","1364","","60200","1364"
"Joven","Hombre","Alquilada","Soltero","Cerca","21400","0","NA","12","414","","21400","414"
"Joven","Mujer","Alquilada","Soltero","Cerca","21700","2","NA","6","387","","21700","387"
"Joven","Hombre","Alquilada","Soltero","Cerca","23200","1","Baja","24","504","","23200","504"
"Adulto","Hombre","Propia","Casado","Cerca","64800","2","Media","12","574","","64800","574"
"Adulto","Hombre","Alquilada","Soltero","Cerca","55600","0","Media","6","984","","55600","984"
"Adulto","Hombre","Propia","Casado","Lejos","89500","0","Alta","24","5209","","89500","5209"
"Joven","Mujer","Alquilada","Soltero","Lejos","12500","1","NA","12","422","","12500","422"
"Adulto","Hombre","Propia","Casado","Cerca","87000","0","Alta","24","1594","","87000","1594"
"Adulto","Mujer","Alquilada","Soltero","Lejos","31200","3","NA","24","1087","","31200","1087"
"Joven","Mujer","Alquilada","Soltero","Cerca","13700","1","NA","6","163","","13700","163"
"Adulto","Hombre","Propia","Soltero","Cerca","55500","3","Baja","18","427","","55500","427"
"Adulto","Mujer","Alquilada","Soltero","Cerca","58600","1","Media","6","624","","58600","624"
"Joven","Mujer","Propia","Casado","Lejos","55900","1","NA","6","788","","55900","788"
"Joven","Mujer","Alquilada","Soltero","Lejos","13700","2","NA","24","414","","13700","414"
"Mayor","Mujer","Propia","Casado","Lejos","81400","0","Alta","24","3001","","81400","3001"
"Mayor","Mujer","Propia","Casado","Cerca","90500","0","Alta","6","863","","90500","863"
"Adulto","Mujer","Propia","Casado","Cerca","82200","1","NA","12","1517","","82200","1517"
"Adulto","Hombre","Propia","Casado","Lejos","65400","3","NA","6","836","","65400","836"
"Adulto","Hombre","Propia","Soltero","Cerca","74400","0","Alta","12","1152","","74400","1152"
"Joven","Hombre","Alquilada","Casado","Lejos","63300","3","NA","6","1408","","63300","1408"
"Joven","Hombre","Alquilada","Casado","Lejos","51600","0","NA","12","1082","","51600","1082"
"Joven","Hombre","Alquilada","Casado","Lejos","55000","0","NA","12","1162","","55000","1162"
"Adulto","Mujer","Propia","Soltero","Cerca","43900","2","Baja","6","358","","43900","358"
"Joven","Mujer","Propia","Soltero","Cerca","20300","1","Baja","12","304","","20300","304"
"Joven","Mujer","Propia","Soltero","Lejos","16300","0","NA","12","360","","16300","360"
"Adulto","Hombre","Propia","Casado","Cerca","97600","2","Media","12","1162","","97600","1162"
"Mayor","Mujer","Alquilada","Soltero","Lejos","15100","0","Baja","6","348","","15100","348"
"Joven","Mujer","Alquilada","Soltero","Cerca","12500","3","NA","12","206","","12500","206"
"Joven","Mujer","Alquilada","Soltero","Cerca","10600","2","Baja","12","114","","10600","114"
"Adulto","Mujer","Propia","Soltero","Cerca","41300","1","NA","18","932","","41300","932"
"Joven","Mujer","Propia","Soltero","Cerca","27200","2","Baja","18","446","","27200","446"
"Adulto","Hombre","Propia","Casado","Cerca","102400","1","NA","12","2466","","102400","2466"
"Joven","Mujer","Propia","Soltero","Lejos","27900","1","NA","12","576","","27900","576"
"Mayor","Hombre","Alquilada","Casado","Lejos","23800","0","NA","12","428","","23800","428"
"Adulto","Hombre","Propia","Casado","Cerca","100000","1","Alta","24","2247","","100000","2247"
"Adulto","Mujer","Alquilada","Casado","Lejos","43300","3","Media","24","716","","43300","716"
"Adulto","Hombre","Propia","Casado","Cerca","65800","1","NA","12","1017","","65800","1017"
"Adulto","Mujer","Propia","Casado","Cerca","49700","2","Baja","18","613","","49700","613"
"Adulto","Mujer","Alquilada","Casado","Cerca","82300","2","Media","12","580","","82300","580"
"Adulto","Hombre","Alquilada","Soltero","Cerca","41200","0","Media","12","841","","41200","841"
"Joven","Hombre","Alquilada","Soltero","Cerca","29200","0","Baja","18","737","","29200","737"
"Adulto","Mujer","Propia","Soltero","Cerca","51900","2","NA","12","1162","","51900","1162"
"Adulto","Mujer","Propia","Casado","Cerca","85500","2","Media","18","895","","85500","895"
"Joven","Mujer","Alquilada","Soltero","Lejos","12400","3","Baja","18","205","","12400","205"
"Adulto","Mujer","Propia","Casado","Cerca","111900","1","NA","12","2340","","111900","2340"
"Adulto","Mujer","Alquilada","Soltero","Cerca","40400","1","Baja","24","630","","40400","630"
"Joven","Hombre","Alquilada","Soltero","Lejos","10900","0","Baja","24","407","","10900","407"
"Adulto","Hombre","Propia","Casado","Cerca","82400","3","NA","18","2122","","82400","2122"
"Joven","Mujer","Alquilada","Soltero","Cerca","13200","1","Baja","12","227","","13200","227"
"Adulto","Hombre","Alquilada","Soltero","Cerca","57800","0","Media","24","1149","","57800","1149"
"Mayor","Mujer","Propia","Casado","Cerca","52200","1","Media","12","669","","52200","669"
"Adulto","Hombre","Alquilada","Casado","Lejos","64600","2","NA","24","2935","","64600","2935"
"Adulto","Mujer","Propia","Soltero","Cerca","43100","0","NA","24","1444","","43100","1444"
"Mayor","Mujer","Propia","Casado","Lejos","40100","0","Media","12","1384","","40100","1384"
"Mayor","Hombre","Propia","Casado","Cerca","84500","0","NA","12","1557","","84500","1557"
"Mayor","Hombre","Alquilada","Casado","Cerca","34500","0","Media","12","802","","34500","802"
"Joven","Mujer","Alquilada","Casado","Cerca","61000","1","NA","18","1611","","61000","1611"
"Mayor","Mujer","Propia","Casado","Lejos","79300","0","NA","12","2047","","79300","2047"
"Adulto","Hombre","Alquilada","Soltero","Cerca","44500","0","Media","24","1175","","44500","1175"
"Joven","Hombre","Alquilada","Casado","Cerca","39700","0","Media","18","1011","","39700","1011"
"Mayor","Mujer","Propia","Soltero","Cerca","30300","0","Baja","18","1062","","30300","1062"
"Joven","Mujer","Alquilada","Soltero","Cerca","20100","1","Baja","12","271","","20100","271"
"Mayor","Hombre","Propia","Casado","Lejos","86500","0","Alta","24","2690","","86500","2690"
"Mayor","Mujer","Alquilada","Soltero","Cerca","42500","0","Media","24","918","","42500","918"
"Adulto","Hombre","Propia","Casado","Cerca","102300","0","Alta","24","2438","","102300","2438"
"Adulto","Mujer","Propia","Soltero","Lejos","52600","2","Media","12","1307","","52600","1307"
"Adulto","Mujer","Alquilada","Soltero","Lejos","37800","2","NA","12","1185","","37800","1185"
"Joven","Mujer","Alquilada","Soltero","Cerca","20300","2","Baja","12","180","","20300","180"
"Adulto","Hombre","Propia","Casado","Cerca","71600","1","NA","12","1198","","71600","1198"
"Joven","Hombre","Alquilada","Casado","Cerca","54500","1","Media","18","1001","","54500","1001"
"Adulto","Hombre","Alquilada","Soltero","Cerca","54700","0","Media","24","1355","","54700","1355"
"Adulto","Hombre","Alquilada","Soltero","Lejos","58600","2","NA","6","989","","58600","989"
"Adulto","Hombre","Alquilada","Soltero","Lejos","53800","0","Alta","12","1803","","53800","1803"
"Adulto","Mujer","Propia","Casado","Cerca","131500","3","NA","6","2840","","131500","2840"
"Adulto","Hombre","Alquilada","Soltero","Lejos","52200","0","Alta","24","1909","","52200","1909"
"Joven","Hombre","Alquilada","Casado","Cerca","37200","1","Baja","6","247","","37200","247"
"Joven","Hombre","Alquilada","Soltero","Lejos","22900","1","NA","12","814","","22900","814"
"Joven","Hombre","Alquilada","Casado","Cerca","55500","3","Baja","12","216","","55500","216"
"Joven","Mujer","Alquilada","Soltero","Lejos","12800","1","NA","24","365","","12800","365"
"Joven","Mujer","Alquilada","Soltero","Cerca","17600","2","Baja","18","163","","17600","163"
"Mayor","Mujer","Propia","Soltero","Lejos","28300","0","Media","24","933","","28300","933"
"Mayor","Hombre","Propia","Soltero","Cerca","41900","0","Media","6","654","","41900","654"
"Joven","Mujer","Alquilada","Soltero","Cerca","14100","3","NA","6","153","","14100","153"
"Adulto","Hombre","Alquilada","Soltero","Cerca","52100","0","NA","12","1668","","52100","1668"
"Adulto","Hombre","Alquilada","Soltero","Lejos","38700","1","Media","18","1009","","38700","1009"
"Adulto","Mujer","Alquilada","Soltero","Lejos","44100","1","Media","18","1659","","44100","1659"
"Adulto","Hombre","Propia","Casado","Lejos","79200","1","Alta","6","1905","","79200","1905"
"Joven","Mujer","Alquilada","Soltero","Cerca","22600","3","NA","6","521","","22600","521"
"Adulto","Hombre","Alquilada","Soltero","Cerca","55100","2","NA","6","826","","55100","826"
"Mayor","Mujer","Propia","Casado","Lejos","70400","0","Alta","18","2610","","70400","2610"
"Adulto","Hombre","Propia","Casado","Cerca","107300","2","Media","24","1194","","107300","1194"
"Adulto","Mujer","Alquilada","Casado","Cerca","66500","1","NA","24","1181","","66500","1181"
"Joven","Hombre","Alquilada","Soltero","Cerca","10200","0","NA","24","362","","10200","362"
"Joven","Mujer","Propia","Soltero","Lejos","41000","1","Media","12","768","","41000","768"
"Adulto","Mujer","Alquilada","Soltero","Cerca","26200","1","Baja","12","381","","26200","381"
"Adulto","Hombre","Alquilada","Casado","Lejos","72200","3","Media","18","1811","","72200","1811"
"Adulto","Hombre","Alquilada","Soltero","Lejos","36700","1","Media","24","1218","","36700","1218"
"Mayor","Hombre","Propia","Casado","Lejos","74500","0","NA","18","1413","","74500","1413"
"Adulto","Mujer","Propia","Soltero","Cerca","60200","1","NA","12","1748","","60200","1748"
"Mayor","Hombre","Alquilada","Soltero","Cerca","34500","0","Media","24","639","","34500","639"
"Mayor","Mujer","Propia","Casado","Cerca","83700","0","Alta","18","1582","","83700","1582"
"Joven","Hombre","Alquilada","Soltero","Lejos","14800","1","NA","12","376","","14800","376"
"Adulto","Hombre","Propia","Casado","Cerca","106400","0","NA","12","1757","","106400","1757"
"Joven","Mujer","Alquilada","Casado","Cerca","42000","3","Baja","6","105","","42000","105"
"Adulto","Hombre","Alquilada","Casado","Cerca","118800","0","Alta","12","2631","","118800","2631"
"Joven","Mujer","Propia","Soltero","Lejos","21900","2","Baja","24","486","","21900","486"
"Adulto","Hombre","Alquilada","Soltero","Cerca","39500","1","NA","6","412","","39500","412"
"Adulto","Hombre","Alquilada","Soltero","Cerca","45900","0","Media","12","716","","45900","716"
"Joven","Mujer","Alquilada","Casado","Cerca","37100","2","Baja","24","653","","37100","653"
"Adulto","Mujer","Alquilada","Soltero","Cerca","28200","1","Baja","6","224","","28200","224"
"Adulto","Hombre","Alquilada","Casado","Cerca","74600","2","Media","18","705","","74600","705"
"Adulto","Hombre","Propia","Casado","Cerca","122700","1","NA","18","4984","","122700","4984"
"Joven","Mujer","Alquilada","Soltero","Cerca","14200","2","Baja","18","197","","14200","197"
"Adulto","Hombre","Propia","Casado","Lejos","75500","0","NA","18","2450","","75500","2450"
"Adulto","Hombre","Propia","Soltero","Cerca","62900","0","NA","24","2561","","62900","2561"
"Joven","Hombre","Alquilada","Soltero","Lejos","19400","0","Baja","6","563","","19400","563"
"Adulto","Mujer","Alquilada","Soltero","Cerca","46600","0","NA","12","546","","46600","546"
"Adulto","Hombre","Propia","Casado","Lejos","79700","1","Alta","24","3384","","79700","3384"
"Adulto","Hombre","Propia","Soltero","Cerca","45900","2","Baja","12","416","","45900","416"
"Mayor","Mujer","Propia","Casado","Cerca","42800","0","Media","6","685","","42800","685"
"Mayor","Hombre","Propia","Casado","Lejos","65500","0","Alta","24","1931","","65500","1931"
"Mayor","Mujer","Alquilada","Soltero","Cerca","33600","0","Media","12","573","","33600","573"
"Adulto","Mujer","Propia","Soltero","Lejos","55600","1","Alta","18","1553","","55600","1553"
"Joven","Mujer","Alquilada","Soltero","Cerca","24000","2","NA","6","362","","24000","362"
"Joven","Hombre","Alquilada","Soltero","Lejos","25700","0","Media","18","907","","25700","907"
"Mayor","Mujer","Propia","Casado","Cerca","21500","0","Baja","18","445","","21500","445"
"Mayor","Mujer","Alquilada","Casado","Cerca","68600","0","Alta","18","1342","","68600","1342"
"Joven","Mujer","Alquilada","Soltero","Lejos","23100","2","Baja","12","457","","23100","457"
"Adulto","Mujer","Alquilada","Casado","Cerca","53300","0","Media","24","1598","","53300","1598"
"Mayor","Mujer","Propia","Casado","Cerca","112800","0","Alta","12","1861","","112800","1861"
"Mayor","Hombre","Propia","Casado","Cerca","124900","0","Alta","18","4109","","124900","4109"
"Adulto","Mujer","Propia","Soltero","Cerca","72200","0","NA","18","3278","","72200","3278"
"Adulto","Hombre","Alquilada","Soltero","Cerca","35100","1","Baja","6","421","","35100","421"
"Mayor","Mujer","Alquilada","Soltero","Cerca","14900","0","NA","12","275","","14900","275"
"Adulto","Hombre","Alquilada","Soltero","Cerca","72000","0","Alta","12","1475","","72000","1475"
"Adulto","Hombre","Propia","Casado","Cerca","82400","0","Alta","18","1779","","82400","1779"
"Joven","Hombre","Alquilada","Casado","Cerca","41600","3","NA","24","1634","","41600","1634"
"Adulto","Mujer","Propia","Casado","Cerca","68500","2","NA","12","1500","","68500","1500"
"Joven","Hombre","Propia","Casado","Cerca","62200","0","Alta","24","1348","","62200","1348"
"Mayor","Mujer","Propia","Soltero","Cerca","35900","0","NA","12","962","","35900","962"
"Joven","Hombre","Alquilada","Soltero","Cerca","14100","0","Baja","12","328","","14100","328"
"Joven","Mujer","Alquilada","Casado","Cerca","36500","1","NA","18","747","","36500","747"
"Adulto","Mujer","Propia","Casado","Cerca","86400","1","Alta","12","1713","","86400","1713"
"Mayor","Mujer","Alquilada","Casado","Cerca","39500","0","Media","12","1006","","39500","1006"
"Mayor","Hombre","Propia","Casado","Cerca","85300","0","NA","12","2523","","85300","2523"
"Mayor","Mujer","Propia","Casado","Cerca","110700","0","Alta","12","2458","","110700","2458"
"Joven","Hombre","Alquilada","Soltero","Lejos","17700","0","Baja","18","742","","17700","742"
"Joven","Mujer","Alquilada","Casado","Lejos","33200","1","NA","24","1639","","33200","1639"
"Adulto","Mujer","Propia","Soltero","Cerca","53800","0","Media","12","843","","53800","843"
"Mayor","Hombre","Alquilada","Soltero","Cerca","44400","0","Media","18","886","","44400","886"
"Adulto","Mujer","Alquilada","Casado","Cerca","135700","1","Alta","24","2746","","135700","2746"
"Joven","Mujer","Alquilada","Soltero","Lejos","20700","1","Baja","12","550","","20700","550"
"Adulto","Hombre","Alquilada","Casado","Lejos","83500","2","Alta","24","2098","","83500","2098"
"Adulto","Mujer","Alquilada","Casado","Cerca","84200","2","Media","24","954","","84200","954"
"Adulto","Mujer","Alquilada","Casado","Cerca","79900","1","Media","12","1041","","79900","1041"
"Mayor","Mujer","Alquilada","Soltero","Lejos","19700","0","Baja","6","535","","19700","535"
"Adulto","Mujer","Alquilada","Soltero","Cerca","35300","0","NA","18","1369","","35300","1369"
"Mayor","Hombre","Propia","Casado","Lejos","52000","0","Alta","18","2545","","52000","2545"
"Joven","Hombre","Alquilada","Soltero","Cerca","21300","1","NA","12","329","","21300","329"
"Adulto","Hombre","Propia","Soltero","Cerca","63700","0","NA","6","1351","","63700","1351"
"Mayor","Mujer","Propia","Casado","Cerca","25900","0","Baja","18","582","","25900","582"
"Adulto","Hombre","Alquilada","Casado","Cerca","65800","2","Media","18","578","","65800","578"
"Mayor","Mujer","Alquilada","Soltero","Cerca","11000","0","NA","24","195","","11000","195"
"Mayor","Mujer","Alquilada","Casado","Cerca","65900","0","Alta","12","777","","65900","777"
"Adulto","Mujer","Propia","Casado","Cerca","108100","1","Alta","12","1133","","108100","1133"
"Adulto","Hombre","Propia","Casado","Cerca","107300","2","Media","18","1566","","107300","1566"
"Adulto","Mujer","Alquilada","Casado","Cerca","79500","0","Alta","12","1651","","79500","1651"
"Adulto","Mujer","Alquilada","Casado","Cerca","95900","0","NA","24","3168","","95900","3168"
"Adulto","Hombre","Alquilada","Soltero","Cerca","45200","1","Media","18","699","","45200","699"
"Adulto","Hombre","Propia","Casado","Cerca","98500","0","Alta","18","2034","","98500","2034"
"Mayor","Mujer","Propia","Casado","Cerca","96200","0","Alta","12","1457","","96200","1457"
"Joven","Hombre","Alquilada","Soltero","Cerca","17900","0","NA","18","395","","17900","395"
"Adulto","Hombre","Propia","Casado","Cerca","42700","0","Media","6","541","","42700","541"
"Adulto","Hombre","Propia","Soltero","Lejos","49700","0","Alta","24","2844","","49700","2844"
"Adulto","Mujer","Alquilada","Soltero","Cerca","43000","3","Baja","24","225","","43000","225"
"Joven","Mujer","Alquilada","Soltero","Cerca","15500","1","Baja","6","210","","15500","210"
"Joven","Hombre","Alquilada","Soltero","Cerca","13000","3","Baja","6","43","","13000","43"
"Adulto","Mujer","Alquilada","Soltero","Cerca","27200","3","Baja","24","243","","27200","243"
"Mayor","Mujer","Propia","Casado","Cerca","26700","0","Baja","24","1120","","26700","1120"
"Mayor","Hombre","Propia","Soltero","Lejos","61000","0","Alta","6","975","","61000","975"
"Adulto","Mujer","Propia","Casado","Cerca","76600","3","NA","24","2904","","76600","2904"
"Adulto","Hombre","Propia","Casado","Cerca","117500","2","Media","12","927","","117500","927"
"Mayor","Hombre","Propia","Casado","Cerca","90600","0","Alta","24","3167","","90600","3167"
"Joven","Mujer","Alquilada","Soltero","Lejos","12600","0","Baja","6","241","","12600","241"
"Mayor","Mujer","Propia","Soltero","Cerca","12700","2","Baja","6","65","","12700","65"
"Adulto","Mujer","Propia","Casado","Lejos","77600","3","Media","12","858","","77600","858"
"Adulto","Mujer","Alquilada","Casado","Lejos","92400","1","NA","6","2191","","92400","2191"
"Mayor","Mujer","Alquilada","Casado","Cerca","71800","0","Alta","24","1946","","71800","1946"
"Adulto","Hombre","Propia","Casado","Lejos","95800","3","NA","12","2581","","95800","2581"
"Joven","Mujer","Propia","Soltero","Cerca","32600","3","Baja","12","172","","32600","172"
"Adulto","Hombre","Propia","Casado","Cerca","74500","2","Media","12","824","","74500","824"
"Mayor","Mujer","Alquilada","Soltero","Cerca","29200","0","Baja","12","556","","29200","556"
"Joven","Mujer","Alquilada","Soltero","Lejos","12900","1","Baja","6","167","","12900","167"
"Adulto","Hombre","Alquilada","Casado","Cerca","117700","1","Alta","12","2104","","117700","2104"
"Adulto","Mujer","Propia","Casado","Cerca","64100","1","Media","18","1332","","64100","1332"
"Adulto","Mujer","Alquilada","Soltero","Cerca","46500","1","Media","24","829","","46500","829"
"Joven","Mujer","Alquilada","Soltero","Cerca","12400","1","NA","12","229","","12400","229"
"Adulto","Hombre","Propia","Casado","Lejos","130600","0","Alta","18","3442","","130600","3442"
"Adulto","Hombre","Propia","Casado","Lejos","74400","0","Alta","6","1893","","74400","1893"
"Mayor","Mujer","Propia","Soltero","Lejos","40600","2","Media","6","690","","40600","690"
"Joven","Mujer","Alquilada","Casado","Cerca","54200","1","Media","6","486","","54200","486"
"Adulto","Hombre","Propia","Soltero","Lejos","65400","1","Alta","12","2290","","65400","2290"
"Adulto","Hombre","Alquilada","Soltero","Cerca","49100","0","NA","6","934","","49100","934"
"Joven","Mujer","Alquilada","Soltero","Cerca","10600","2","NA","24","517","","10600","517"
"Joven","Mujer","Alquilada","Casado","Cerca","76400","0","NA","12","2216","","76400","2216"
"Adulto","Mujer","Alquilada","Casado","Cerca","93700","1","Alta","24","1521","","93700","1521"
"Adulto","Hombre","Alquilada","Soltero","Lejos","49000","0","Alta","18","1523","","49000","1523"
"Adulto","Mujer","Propia","Casado","Cerca","96500","1","Alta","18","1364","","96500","1364"
"Adulto","Hombre","Propia","Soltero","Cerca","55600","0","NA","12","952","","55600","952"
"Adulto","Hombre","Propia","Casado","Cerca","99600","1","Alta","6","871","","99600","871"
"Adulto","Mujer","Propia","Casado","Cerca","79900","3","Baja","12","295","","79900","295"
"Mayor","Mujer","Alquilada","Casado","Cerca","50500","0","Media","12","642","","50500","642"
"Mayor","Mujer","Propia","Soltero","Lejos","16300","0","Baja","6","317","","16300","317"
"Mayor","Mujer","Propia","Casado","Cerca","49200","0","Media","12","1078","","49200","1078"
"Adulto","Hombre","Propia","Soltero","Lejos","48100","2","Media","18","961","","48100","961"
"Adulto","Hombre","Propia","Soltero","Lejos","61300","2","Alta","24","1241","","61300","1241"
"Adulto","Mujer","Propia","Casado","Cerca","72600","1","NA","18","1999","","72600","1999"
"Joven","Hombre","Alquilada","Soltero","Lejos","19500","0","NA","24","571","","19500","571"
"Joven","Mujer","Alquilada","Soltero","Cerca","17200","1","NA","12","329","","17200","329"
"Adulto","Hombre","Alquilada","Soltero","Lejos","51100","0","Alta","24","1984","","51100","1984"
"Adulto","Hombre","Propia","Soltero","Cerca","76800","1","Media","18","1061","","76800","1061"
"Adulto","Hombre","Propia","Soltero","Lejos","60200","0","Alta","12","1955","","60200","1955"
"Adulto","Hombre","Alquilada","Soltero","Cerca","59100","2","Baja","18","580","","59100","580"
"Mayor","Mujer","Propia","Soltero","Cerca","32500","0","Media","24","883","","32500","883"
"Adulto","Mujer","Alquilada","Soltero","Lejos","49500","2","Media","12","1195","","49500","1195"
"Adulto","Hombre","Propia","Casado","Cerca","109600","1","Alta","12","2318","","109600","2318"
"Joven","Mujer","Alquilada","Casado","Cerca","47300","0","NA","6","640","","47300","640"
"Adulto","Hombre","Alquilada","Casado","Cerca","93000","1","Alta","24","2644","","93000","2644"
"Joven","Mujer","Propia","Soltero","Lejos","32000","1","NA","24","1320","","32000","1320"
"Joven","Mujer","Propia","Soltero","Cerca","44700","1","Media","6","502","","44700","502"
"Mayor","Mujer","Propia","Casado","Cerca","69400","0","Alta","18","2419","","69400","2419"
"Adulto","Hombre","Propia","Casado","Cerca","64300","2","Media","6","661","","64300","661"
"Adulto","Hombre","Propia","Soltero","Lejos","75400","0","Alta","24","2723","","75400","2723"
"Adulto","Hombre","Propia","Casado","Cerca","96100","0","Alta","6","1588","","96100","1588"
"Mayor","Mujer","Propia","Casado","Cerca","118000","3","Baja","12","581","","118000","581"
"Joven","Hombre","Alquilada","Casado","Cerca","69700","1","Media","12","1432","","69700","1432"
"Mayor","Hombre","Propia","Soltero","Cerca","59300","0","Media","12","929","","59300","929"
"Adulto","Mujer","Alquilada","Casado","Cerca","88600","3","Baja","6","212","","88600","212"
"Adulto","Hombre","Propia","Casado","Cerca","102600","0","Alta","18","2546","","102600","2546"
"Adulto","Hombre","Alquilada","Soltero","Cerca","43700","0","NA","18","1344","","43700","1344"
"Mayor","Mujer","Propia","Casado","Cerca","22400","0","NA","24","947","","22400","947"
"Adulto","Hombre","Alquilada","Casado","Lejos","70500","1","NA","24","2145","","70500","2145"
"Adulto","Hombre","Propia","Casado","Cerca","54200","1","Media","6","757","","54200","757"
"Adulto","Mujer","Propia","Soltero","Lejos","25300","1","NA","6","451","","25300","451"
"Mayor","Hombre","Propia","Casado","Cerca","116100","1","Alta","24","2975","","116100","2975"
"Joven","Mujer","Alquilada","Soltero","Cerca","15900","0","NA","18","406","","15900","406"
"Adulto","Mujer","Propia","Soltero","Cerca","46600","3","Baja","6","158","","46600","158"
"Joven","Hombre","Propia","Soltero","Cerca","23200","0","NA","24","534","","23200","534"
"Joven","Hombre","Alquilada","Soltero","Cerca","18200","0","Baja","12","401","","18200","401"
"Adulto","Mujer","Propia","Casado","Cerca","82700","1","Alta","18","1753","","82700","1753"
"Joven","Mujer","Alquilada","Soltero","Cerca","17000","0","Baja","18","659","","17000","659"
"Adulto","Hombre","Propia","Casado","Cerca","83000","2","Media","6","726","","83000","726"
"Joven","Mujer","Propia","Casado","Cerca","42400","1","NA","18","1166","","42400","1166"
"Mayor","Hombre","Propia","Soltero","Cerca","40200","2","NA","18","1197","","40200","1197"
"Joven","Mujer","Alquilada","Soltero","Lejos","17300","0","Baja","6","411","","17300","411"
"Adulto","Mujer","Propia","Casado","Cerca","109800","1","Alta","24","2258","","109800","2258"
"Adulto","Mujer","Propia","Soltero","Lejos","64400","3","Media","24","1913","","64400","1913"
"Joven","Mujer","Alquilada","Soltero","Lejos","27600","1","Media","24","893","","27600","893"
"Joven","Mujer","Alquilada","Soltero","Cerca","25100","1","NA","6","421","","25100","421"
"Adulto","Mujer","Propia","Soltero","Cerca","46300","3","NA","6","1138","","46300","1138"
"Mayor","Mujer","Propia","Casado","Lejos","74900","0","NA","12","1804","","74900","1804"
"Adulto","Hombre","Propia","Soltero","Cerca","67900","0","Alta","18","1418","","67900","1418"
"Adulto","Hombre","Alquilada","Casado","Cerca","88500","2","Media","24","1104","","88500","1104"
"Adulto","Hombre","Propia","Casado","Cerca","99200","3","NA","12","2796","","99200","2796"
"Mayor","Mujer","Propia","Casado","Cerca","62800","0","Alta","18","1403","","62800","1403"
"Mayor","Hombre","Propia","Casado","Lejos","76900","2","Alta","24","3230","","76900","3230"
"Adulto","Hombre","Propia","Casado","Cerca","84100","3","NA","6","1352","","84100","1352"
"Mayor","Mujer","Propia","Casado","Cerca","77600","0","Alta","18","2004","","77600","2004"
"Joven","Mujer","Alquilada","Soltero","Cerca","19100","1","Baja","18","403","","19100","403"
"Mayor","Mujer","Propia","Casado","Lejos","128700","0","Alta","24","3995","","128700","3995"
"Joven","Mujer","Alquilada","Soltero","Lejos","14400","1","Baja","6","390","","14400","390"
"Mayor","Hombre","Alquilada","Casado","Cerca","49600","0","Media","6","770","","49600","770"
"Adulto","Mujer","Alquilada","Soltero","Cerca","47000","0","NA","6","963","","47000","963"
"Joven","Mujer","Alquilada","Casado","Cerca","36600","0","Media","6","833","","36600","833"
"Adulto","Mujer","Propia","Soltero","Cerca","65800","1","Media","12","869","","65800","869"
"Adulto","Hombre","Alquilada","Casado","Lejos","52800","2","Media","12","926","","52800","926"
"Adulto","Hombre","Propia","Casado","Cerca","96500","0","Alta","24","3780","","96500","3780"
"Adulto","Mujer","Alquilada","Casado","Cerca","63500","1","Media","18","1023","","63500","1023"
"Adulto","Hombre","Alquilada","Soltero","Cerca","60400","1","Media","6","791","","60400","791"
"Adulto","Hombre","Propia","Casado","Cerca","102700","3","NA","12","1473","","102700","1473"
"Adulto","Hombre","Propia","Casado","Cerca","100100","2","NA","6","1597","","100100","1597"
"Adulto","Hombre","Alquilada","Soltero","Cerca","54400","0","Media","6","1150","","54400","1150"
"Adulto","Hombre","Alquilada","Casado","Cerca","105600","3","Baja","6","304","","105600","304"
"Mayor","Mujer","Propia","Casado","Lejos","57900","0","Alta","12","1693","","57900","1693"
"Joven","Hombre","Propia","Soltero","Cerca","31500","3","Baja","18","269","","31500","269"
"Adulto","Mujer","Alquilada","Casado","Lejos","60100","1","Alta","18","1430","","60100","1430"
"Adulto","Hombre","Alquilada","Casado","Cerca","87400","2","NA","18","2729","","87400","2729"
"Adulto","Hombre","Propia","Casado","Cerca","117900","0","Alta","6","1760","","117900","1760"
"Adulto","Hombre","Propia","Soltero","Cerca","48800","1","Media","24","1271","","48800","1271"
"Adulto","Mujer","Propia","Casado","Cerca","67900","3","Baja","12","356","","67900","356"
"Mayor","Hombre","Alquilada","Casado","Lejos","66200","0","NA","6","1024","","66200","1024"
"Adulto","Hombre","Alquilada","Casado","Cerca","88000","2","Media","6","524","","88000","524"
"Adulto","Hombre","Alquilada","Casado","Cerca","94200","1","Alta","18","1211","","94200","1211"
"Joven","Mujer","Alquilada","Soltero","Cerca","29200","3","NA","6","636","","29200","636"
"Joven","Hombre","Alquilada","Soltero","Lejos","15300","0","Baja","24","645","","15300","645"
"Joven","Hombre","Alquilada","Soltero","Lejos","17500","0","Baja","18","472","","17500","472"
"Mayor","Hombre","Propia","Casado","Cerca","168800","0","Alta","6","1512","","168800","1512"
"Adulto","Hombre","Alquilada","Soltero","Lejos","40200","0","Alta","18","1634","","40200","1634"
"Joven","Hombre","Alquilada","Soltero","Cerca","28400","3","Baja","18","182","","28400","182"
"Adulto","Hombre","Alquilada","Casado","Lejos","72200","3","Media","18","1042","","72200","1042"
"Adulto","Mujer","Propia","Soltero","Lejos","55200","0","Alta","18","1714","","55200","1714"
"Adulto","Mujer","Alquilada","Soltero","Cerca","44600","0","Media","18","966","","44600","966"
"Adulto","Hombre","Propia","Soltero","Cerca","58400","0","Media","12","829","","58400","829"
"Adulto","Mujer","Propia","Soltero","Cerca","67800","1","Media","6","680","","67800","680"
"Mayor","Mujer","Propia","Soltero","Cerca","25500","0","Baja","18","636","","25500","636"
"Joven","Mujer","Alquilada","Soltero","Lejos","20000","3","Baja","6","182","","20000","182"
"Adulto","Hombre","Alquilada","Soltero","Lejos","52600","1","NA","18","1773","","52600","1773"
"Adulto","Hombre","Alquilada","Casado","Lejos","97600","1","NA","12","2902","","97600","2902"
"Mayor","Hombre","Propia","Casado","Cerca","23400","0","Baja","6","348","","23400","348"
"Adulto","Mujer","Propia","Casado","Cerca","102500","3","Baja","12","548","","102500","548"
"Adulto","Mujer","Propia","Casado","Lejos","52300","1","Alta","18","2034","","52300","2034"
"Adulto","Hombre","Alquilada","Soltero","Lejos","65400","0","Alta","12","2296","","65400","2296"
"Joven","Hombre","Alquilada","Soltero","Cerca","19600","0","Baja","12","395","","19600","395"
"Mayor","Hombre","Propia","Casado","Lejos","37000","0","Media","12","850","","37000","850"
"Joven","Mujer","Alquilada","Soltero","Lejos","13200","0","NA","18","512","","13200","512"
"Adulto","Hombre","Alquilada","Soltero","Cerca","63800","1","Media","24","1622","","63800","1622"
"Mayor","Mujer","Alquilada","Soltero","Lejos","22600","0","NA","12","865","","22600","865"
"Mayor","Mujer","Propia","Soltero","Cerca","37300","0","Media","6","673","","37300","673"
"Joven","Hombre","Alquilada","Soltero","Lejos","14900","1","NA","12","422","","14900","422"
"Adulto","Mujer","Propia","Soltero","Cerca","36700","1","NA","6","529","","36700","529"
"Adulto","Hombre","Propia","Soltero","Cerca","63200","0","Alta","24","1932","","63200","1932"
"Mayor","Hombre","Propia","Casado","Cerca","77300","0","Alta","18","1853","","77300","1853"
"Adulto","Hombre","Alquilada","Soltero","Cerca","43100","1","NA","12","1224","","43100","1224"
"Adulto","Mujer","Alquilada","Soltero","Lejos","44800","1","Media","6","666","","44800","666"
"Mayor","Mujer","Alquilada","Casado","Cerca","70900","0","Alta","24","1685","","70900","1685"
"Adulto","Mujer","Alquilada","Soltero","Lejos","38200","0","Media","24","1476","","38200","1476"
"Joven","Mujer","Alquilada","Soltero","Lejos","18400","1","Baja","6","319","","18400","319"
"Adulto","Mujer","Alquilada","Soltero","Cerca","40700","3","Baja","18","232","","40700","232"
"Mayor","Hombre","Propia","Soltero","Cerca","71300","0","Alta","18","1543","","71300","1543"
"Adulto","Mujer","Alquilada","Soltero","Cerca","36400","2","Baja","18","506","","36400","506"
"Joven","Hombre","Alquilada","Soltero","Cerca","15400","0","Baja","6","172","","15400","172"
"Adulto","Hombre","Propia","Soltero","Lejos","39100","1","Media","12","1001","","39100","1001"
"Adulto","Hombre","Alquilada","Soltero","Cerca","43800","0","Media","12","606","","43800","606"
"Joven","Hombre","Alquilada","Soltero","Lejos","25300","0","Media","12","591","","25300","591"
"Mayor","Hombre","Alquilada","Casado","Cerca","71800","0","Alta","12","1389","","71800","1389"
"Adulto","Hombre","Propia","Soltero","Cerca","73200","0","Alta","24","2177","","73200","2177"
"Adulto","Hombre","Propia","Casado","Lejos","79000","1","Alta","18","2279","","79000","2279"
"Adulto","Mujer","Alquilada","Casado","Cerca","75200","1","NA","24","2702","","75200","2702"
"Joven","Mujer","Alquilada","Soltero","Cerca","25300","3","NA","6","510","","25300","510"
"Mayor","Mujer","Propia","Casado","Cerca","43600","0","Media","12","1047","","43600","1047"
"Adulto","Hombre","Propia","Casado","Cerca","83600","2","Media","6","538","","83600","538"
"Adulto","Mujer","Propia","Soltero","Lejos","56200","0","Alta","18","1546","","56200","1546"
"Joven","Hombre","Alquilada","Casado","Cerca","45500","0","Media","6","754","","45500","754"
"Adulto","Hombre","Propia","Casado","Cerca","99300","1","Alta","12","1504","","99300","1504"
"Adulto","Hombre","Propia","Casado","Lejos","108000","3","Alta","24","1849","","108000","1849"
"Adulto","Mujer","Propia","Casado","Lejos","84900","1","Alta","24","3072","","84900","3072"
"Adulto","Hombre","Propia","Casado","Lejos","93000","3","Alta","6","1046","","93000","1046"
"Adulto","Mujer","Propia","Casado","Cerca","82000","0","Alta","18","1800","","82000","1800"
"Mayor","Mujer","Propia","Soltero","Cerca","33000","3","NA","6","700","","33000","700"
"Adulto","Mujer","Propia","Soltero","Cerca","36900","2","Baja","24","514","","36900","514"
"Adulto","Mujer","Alquilada","Soltero","Cerca","33200","1","NA","6","320","","33200","320"
"Joven","Hombre","Alquilada","Casado","Cerca","49300","0","NA","24","1692","","49300","1692"
"Mayor","Hombre","Alquilada","Casado","Lejos","66200","0","Alta","24","2057","","66200","2057"
"Adulto","Hombre","Propia","Casado","Lejos","96800","2","Alta","18","2299","","96800","2299"
"Mayor","Hombre","Propia","Soltero","Cerca","63200","0","Alta","24","1507","","63200","1507"
"Mayor","Hombre","Propia","Casado","Lejos","112900","0","Alta","24","6217","","112900","6217"
"Adulto","Mujer","Alquilada","Soltero","Cerca","32100","2","Baja","24","405","","32100","405"
"Adulto","Hombre","Propia","Casado","Lejos","102700","1","Alta","18","3785","","102700","3785"
"Adulto","Hombre","Propia","Casado","Cerca","123800","2","NA","18","3537","","123800","3537"
"Mayor","Mujer","Alquilada","Soltero","Lejos","11700","0","Baja","18","540","","11700","540"
"Adulto","Hombre","Propia","Casado","Cerca","101700","1","NA","6","941","","101700","941"
"Adulto","Mujer","Propia","Casado","Lejos","99200","0","Alta","24","5503","","99200","5503"
"Joven","Hombre","Alquilada","Soltero","Cerca","17600","0","NA","6","273","","17600","273"
"Joven","Mujer","Alquilada","Soltero","Cerca","19400","1","NA","18","384","","19400","384"
"Adulto","Hombre","Alquilada","Soltero","Lejos","40500","1","NA","18","1073","","40500","1073"
"Mayor","Hombre","Propia","Soltero","Cerca","44800","0","Media","24","1417","","44800","1417"
"Adulto","Hombre","Propia","Casado","Cerca","79000","2","Media","18","671","","79000","671"
"Joven","Hombre","Alquilada","Casado","Cerca","53600","1","Media","24","973","","53600","973"
